tipo_de_arco,i,j,s,a,b,c,m,n
localidade,F_0_entrada,F_0_saida,,55010,39,2338,0,0
localidade,F_1_entrada,F_1_saida,,62145,14,7828,0,0
localidade,F_2_entrada,F_2_saida,,71054,49,2060,0,0
localidade,F_3_entrada,F_3_saida,,94110,61,4820,0,0
localidade,F_4_entrada,F_4_saida,,91343,34,4347,0,0
localidade,CD_0_entrada,CD_0_saida,,31505,84,5175,0,0
localidade,CD_1_entrada,CD_1_saida,,31749,23,8267,0,0
localidade,CD_2_entrada,CD_2_saida,,89607,15,9766,0,0
localidade,CD_3_entrada,CD_3_saida,,24605,21,3487,0,0
localidade,CD_4_entrada,CD_4_saida,,84700,90,1309,0,0
transporte,F_0_saida,CD_0_entrada,0,0,84,0,112,34
transporte,F_0_saida,CD_0_entrada,1,0,128,0,80,35
transporte,F_0_saida,CD_0_entrada,2,0,192,0,111,53
transporte,F_0_saida,CD_0_entrada,3,0,71,0,74,93
transporte,F_0_saida,CD_0_entrada,4,0,123,0,98,21
transporte,F_0_saida,CD_0_entrada,5,0,122,0,27,73
transporte,F_0_saida,CD_0_entrada,6,0,130,0,65,27
transporte,F_0_saida,CD_0_entrada,7,0,51,0,64,47
transporte,F_0_saida,CD_0_entrada,8,0,79,0,63,38
transporte,F_0_saida,CD_0_entrada,9,0,177,0,36,91
transporte,F_0_saida,CD_1_entrada,0,0,183,0,43,93
transporte,F_0_saida,CD_1_entrada,1,0,89,0,44,59
transporte,F_0_saida,CD_1_entrada,2,0,84,0,42,54
transporte,F_0_saida,CD_1_entrada,3,0,138,0,74,62
transporte,F_0_saida,CD_1_entrada,4,0,123,0,90,76
transporte,F_0_saida,CD_1_entrada,5,0,96,0,104,48
transporte,F_0_saida,CD_1_entrada,6,0,170,0,65,32
transporte,F_0_saida,CD_1_entrada,7,0,125,0,95,23
transporte,F_0_saida,CD_1_entrada,8,0,44,0,69,43
transporte,F_0_saida,CD_1_entrada,9,0,71,0,104,54
transporte,F_0_saida,CD_2_entrada,0,0,105,0,82,68
transporte,F_0_saida,CD_2_entrada,1,0,153,0,40,73
transporte,F_0_saida,CD_2_entrada,2,0,145,0,60,75
transporte,F_0_saida,CD_2_entrada,3,0,116,0,78,67
transporte,F_0_saida,CD_2_entrada,4,0,165,0,103,19
transporte,F_0_saida,CD_2_entrada,5,0,157,0,37,77
transporte,F_0_saida,CD_2_entrada,6,0,120,0,77,67
transporte,F_0_saida,CD_2_entrada,7,0,164,0,107,26
transporte,F_0_saida,CD_2_entrada,8,0,145,0,77,95
transporte,F_0_saida,CD_2_entrada,9,0,108,0,65,24
transporte,F_0_saida,CD_3_entrada,0,0,102,0,53,60
transporte,F_0_saida,CD_3_entrada,1,0,149,0,71,42
transporte,F_0_saida,CD_3_entrada,2,0,128,0,47,12
transporte,F_0_saida,CD_3_entrada,3,0,37,0,104,60
transporte,F_0_saida,CD_3_entrada,4,0,116,0,50,78
transporte,F_0_saida,CD_3_entrada,5,0,173,0,72,90
transporte,F_0_saida,CD_3_entrada,6,0,36,0,86,26
transporte,F_0_saida,CD_3_entrada,7,0,46,0,52,44
transporte,F_0_saida,CD_3_entrada,8,0,139,0,76,21
transporte,F_0_saida,CD_3_entrada,9,0,118,0,80,31
transporte,F_0_saida,CD_4_entrada,0,0,138,0,48,70
transporte,F_0_saida,CD_4_entrada,1,0,109,0,74,66
transporte,F_0_saida,CD_4_entrada,2,0,93,0,40,59
transporte,F_0_saida,CD_4_entrada,3,0,74,0,41,12
transporte,F_0_saida,CD_4_entrada,4,0,93,0,70,47
transporte,F_0_saida,CD_4_entrada,5,0,131,0,68,31
transporte,F_0_saida,CD_4_entrada,6,0,114,0,25,30
transporte,F_0_saida,CD_4_entrada,7,0,80,0,89,10
transporte,F_0_saida,CD_4_entrada,8,0,102,0,24,72
transporte,F_0_saida,CD_4_entrada,9,0,184,0,101,36
transporte,F_1_saida,CD_0_entrada,0,0,136,0,77,61
transporte,F_1_saida,CD_0_entrada,1,0,128,0,40,15
transporte,F_1_saida,CD_0_entrada,2,0,51,0,58,89
transporte,F_1_saida,CD_0_entrada,3,0,95,0,41,62
transporte,F_1_saida,CD_0_entrada,4,0,137,0,61,14
transporte,F_1_saida,CD_0_entrada,5,0,45,0,107,18
transporte,F_1_saida,CD_0_entrada,6,0,173,0,49,86
transporte,F_1_saida,CD_0_entrada,7,0,110,0,23,30
transporte,F_1_saida,CD_0_entrada,8,0,95,0,50,91
transporte,F_1_saida,CD_0_entrada,9,0,104,0,56,76
transporte,F_1_saida,CD_1_entrada,0,0,138,0,64,14
transporte,F_1_saida,CD_1_entrada,1,0,186,0,62,62
transporte,F_1_saida,CD_1_entrada,2,0,153,0,93,21
transporte,F_1_saida,CD_1_entrada,3,0,153,0,21,69
transporte,F_1_saida,CD_1_entrada,4,0,127,0,61,17
transporte,F_1_saida,CD_1_entrada,5,0,31,0,33,55
transporte,F_1_saida,CD_1_entrada,6,0,93,0,44,41
transporte,F_1_saida,CD_1_entrada,7,0,118,0,51,71
transporte,F_1_saida,CD_1_entrada,8,0,138,0,59,79
transporte,F_1_saida,CD_1_entrada,9,0,154,0,61,68
transporte,F_1_saida,CD_2_entrada,0,0,122,0,47,35
transporte,F_1_saida,CD_2_entrada,1,0,118,0,68,52
transporte,F_1_saida,CD_2_entrada,2,0,129,0,85,52
transporte,F_1_saida,CD_2_entrada,3,0,173,0,105,52
transporte,F_1_saida,CD_2_entrada,4,0,139,0,53,23
transporte,F_1_saida,CD_2_entrada,5,0,72,0,43,53
transporte,F_1_saida,CD_2_entrada,6,0,156,0,45,12
transporte,F_1_saida,CD_2_entrada,7,0,138,0,57,17
transporte,F_1_saida,CD_2_entrada,8,0,105,0,100,63
transporte,F_1_saida,CD_2_entrada,9,0,84,0,43,80
transporte,F_1_saida,CD_3_entrada,0,0,172,0,76,54
transporte,F_1_saida,CD_3_entrada,1,0,145,0,43,88
transporte,F_1_saida,CD_3_entrada,2,0,101,0,51,10
transporte,F_1_saida,CD_3_entrada,3,0,130,0,25,38
transporte,F_1_saida,CD_3_entrada,4,0,96,0,100,94
transporte,F_1_saida,CD_3_entrada,5,0,114,0,45,53
transporte,F_1_saida,CD_3_entrada,6,0,49,0,61,13
transporte,F_1_saida,CD_3_entrada,7,0,154,0,100,89
transporte,F_1_saida,CD_3_entrada,8,0,93,0,85,37
transporte,F_1_saida,CD_3_entrada,9,0,119,0,65,30
transporte,F_1_saida,CD_4_entrada,0,0,75,0,68,11
transporte,F_1_saida,CD_4_entrada,1,0,119,0,109,51
transporte,F_1_saida,CD_4_entrada,2,0,148,0,46,24
transporte,F_1_saida,CD_4_entrada,3,0,129,0,48,26
transporte,F_1_saida,CD_4_entrada,4,0,100,0,43,66
transporte,F_1_saida,CD_4_entrada,5,0,82,0,94,79
transporte,F_1_saida,CD_4_entrada,6,0,180,0,49,80
transporte,F_1_saida,CD_4_entrada,7,0,75,0,32,69
transporte,F_1_saida,CD_4_entrada,8,0,120,0,69,61
transporte,F_1_saida,CD_4_entrada,9,0,96,0,35,92
transporte,F_2_saida,CD_0_entrada,0,0,147,0,67,48
transporte,F_2_saida,CD_0_entrada,1,0,95,0,55,89
transporte,F_2_saida,CD_0_entrada,2,0,161,0,75,52
transporte,F_2_saida,CD_0_entrada,3,0,60,0,77,71
transporte,F_2_saida,CD_0_entrada,4,0,55,0,68,53
transporte,F_2_saida,CD_0_entrada,5,0,152,0,45,13
transporte,F_2_saida,CD_0_entrada,6,0,171,0,74,57
transporte,F_2_saida,CD_0_entrada,7,0,125,0,68,96
transporte,F_2_saida,CD_0_entrada,8,0,115,0,99,60
transporte,F_2_saida,CD_0_entrada,9,0,104,0,40,19
transporte,F_2_saida,CD_1_entrada,0,0,136,0,45,26
transporte,F_2_saida,CD_1_entrada,1,0,69,0,32,11
transporte,F_2_saida,CD_1_entrada,2,0,43,0,21,13
transporte,F_2_saida,CD_1_entrada,3,0,64,0,43,19
transporte,F_2_saida,CD_1_entrada,4,0,45,0,107,22
transporte,F_2_saida,CD_1_entrada,5,0,164,0,83,67
transporte,F_2_saida,CD_1_entrada,6,0,100,0,92,63
transporte,F_2_saida,CD_1_entrada,7,0,115,0,57,46
transporte,F_2_saida,CD_1_entrada,8,0,175,0,63,49
transporte,F_2_saida,CD_1_entrada,9,0,57,0,17,73
transporte,F_2_saida,CD_2_entrada,0,0,143,0,53,15
transporte,F_2_saida,CD_2_entrada,1,0,78,0,99,41
transporte,F_2_saida,CD_2_entrada,2,0,154,0,69,93
transporte,F_2_saida,CD_2_entrada,3,0,160,0,20,49
transporte,F_2_saida,CD_2_entrada,4,0,121,0,52,37
transporte,F_2_saida,CD_2_entrada,5,0,93,0,110,42
transporte,F_2_saida,CD_2_entrada,6,0,56,0,59,46
transporte,F_2_saida,CD_2_entrada,7,0,94,0,41,84
transporte,F_2_saida,CD_2_entrada,8,0,166,0,27,16
transporte,F_2_saida,CD_2_entrada,9,0,76,0,71,50
transporte,F_2_saida,CD_3_entrada,0,0,157,0,24,69
transporte,F_2_saida,CD_3_entrada,1,0,103,0,99,43
transporte,F_2_saida,CD_3_entrada,2,0,157,0,24,61
transporte,F_2_saida,CD_3_entrada,3,0,175,0,72,86
transporte,F_2_saida,CD_3_entrada,4,0,82,0,17,62
transporte,F_2_saida,CD_3_entrada,5,0,80,0,59,71
transporte,F_2_saida,CD_3_entrada,6,0,169,0,80,85
transporte,F_2_saida,CD_3_entrada,7,0,70,0,22,10
transporte,F_2_saida,CD_3_entrada,8,0,136,0,32,43
transporte,F_2_saida,CD_3_entrada,9,0,95,0,89,27
transporte,F_2_saida,CD_4_entrada,0,0,118,0,57,57
transporte,F_2_saida,CD_4_entrada,1,0,109,0,76,39
transporte,F_2_saida,CD_4_entrada,2,0,62,0,14,52
transporte,F_2_saida,CD_4_entrada,3,0,110,0,34,74
transporte,F_2_saida,CD_4_entrada,4,0,106,0,97,38
transporte,F_2_saida,CD_4_entrada,5,0,106,0,57,39
transporte,F_2_saida,CD_4_entrada,6,0,95,0,109,52
transporte,F_2_saida,CD_4_entrada,7,0,120,0,100,48
transporte,F_2_saida,CD_4_entrada,8,0,115,0,74,26
transporte,F_2_saida,CD_4_entrada,9,0,50,0,88,22
transporte,F_3_saida,CD_0_entrada,0,0,123,0,38,70
transporte,F_3_saida,CD_0_entrada,1,0,170,0,55,88
transporte,F_3_saida,CD_0_entrada,2,0,40,0,25,88
transporte,F_3_saida,CD_0_entrada,3,0,97,0,53,45
transporte,F_3_saida,CD_0_entrada,4,0,150,0,83,79
transporte,F_3_saida,CD_0_entrada,5,0,77,0,64,24
transporte,F_3_saida,CD_0_entrada,6,0,84,0,50,14
transporte,F_3_saida,CD_0_entrada,7,0,28,0,77,27
transporte,F_3_saida,CD_0_entrada,8,0,77,0,75,97
transporte,F_3_saida,CD_0_entrada,9,0,66,0,100,23
transporte,F_3_saida,CD_1_entrada,0,0,159,0,86,53
transporte,F_3_saida,CD_1_entrada,1,0,74,0,48,62
transporte,F_3_saida,CD_1_entrada,2,0,116,0,92,94
transporte,F_3_saida,CD_1_entrada,3,0,91,0,100,88
transporte,F_3_saida,CD_1_entrada,4,0,105,0,39,55
transporte,F_3_saida,CD_1_entrada,5,0,76,0,61,91
transporte,F_3_saida,CD_1_entrada,6,0,84,0,64,66
transporte,F_3_saida,CD_1_entrada,7,0,115,0,56,82
transporte,F_3_saida,CD_1_entrada,8,0,78,0,59,16
transporte,F_3_saida,CD_1_entrada,9,0,117,0,24,54
transporte,F_3_saida,CD_2_entrada,0,0,181,0,45,69
transporte,F_3_saida,CD_2_entrada,1,0,62,0,75,26
transporte,F_3_saida,CD_2_entrada,2,0,158,0,37,75
transporte,F_3_saida,CD_2_entrada,3,0,118,0,97,90
transporte,F_3_saida,CD_2_entrada,4,0,118,0,54,54
transporte,F_3_saida,CD_2_entrada,5,0,105,0,50,33
transporte,F_3_saida,CD_2_entrada,6,0,146,0,94,44
transporte,F_3_saida,CD_2_entrada,7,0,109,0,37,42
transporte,F_3_saida,CD_2_entrada,8,0,102,0,34,91
transporte,F_3_saida,CD_2_entrada,9,0,141,0,99,56
transporte,F_3_saida,CD_3_entrada,0,0,42,0,17,68
transporte,F_3_saida,CD_3_entrada,1,0,136,0,33,89
transporte,F_3_saida,CD_3_entrada,2,0,170,0,49,73
transporte,F_3_saida,CD_3_entrada,3,0,57,0,99,56
transporte,F_3_saida,CD_3_entrada,4,0,82,0,71,40
transporte,F_3_saida,CD_3_entrada,5,0,133,0,104,67
transporte,F_3_saida,CD_3_entrada,6,0,40,0,104,83
transporte,F_3_saida,CD_3_entrada,7,0,131,0,72,43
transporte,F_3_saida,CD_3_entrada,8,0,88,0,70,33
transporte,F_3_saida,CD_3_entrada,9,0,25,0,40,17
transporte,F_3_saida,CD_4_entrada,0,0,132,0,33,80
transporte,F_3_saida,CD_4_entrada,1,0,155,0,50,67
transporte,F_3_saida,CD_4_entrada,2,0,90,0,49,92
transporte,F_3_saida,CD_4_entrada,3,0,93,0,97,22
transporte,F_3_saida,CD_4_entrada,4,0,148,0,84,70
transporte,F_3_saida,CD_4_entrada,5,0,97,0,46,85
transporte,F_3_saida,CD_4_entrada,6,0,81,0,95,64
transporte,F_3_saida,CD_4_entrada,7,0,153,0,108,74
transporte,F_3_saida,CD_4_entrada,8,0,161,0,74,41
transporte,F_3_saida,CD_4_entrada,9,0,151,0,33,20
transporte,F_4_saida,CD_0_entrada,0,0,93,0,43,23
transporte,F_4_saida,CD_0_entrada,1,0,115,0,68,83
transporte,F_4_saida,CD_0_entrada,2,0,88,0,86,62
transporte,F_4_saida,CD_0_entrada,3,0,45,0,56,50
transporte,F_4_saida,CD_0_entrada,4,0,80,0,86,82
transporte,F_4_saida,CD_0_entrada,5,0,79,0,52,94
transporte,F_4_saida,CD_0_entrada,6,0,102,0,71,26
transporte,F_4_saida,CD_0_entrada,7,0,149,0,29,89
transporte,F_4_saida,CD_0_entrada,8,0,122,0,20,18
transporte,F_4_saida,CD_0_entrada,9,0,136,0,73,46
transporte,F_4_saida,CD_1_entrada,0,0,111,0,43,64
transporte,F_4_saida,CD_1_entrada,1,0,78,0,51,22
transporte,F_4_saida,CD_1_entrada,2,0,103,0,99,58
transporte,F_4_saida,CD_1_entrada,3,0,129,0,69,17
transporte,F_4_saida,CD_1_entrada,4,0,102,0,36,97
transporte,F_4_saida,CD_1_entrada,5,0,173,0,90,86
transporte,F_4_saida,CD_1_entrada,6,0,77,0,72,52
transporte,F_4_saida,CD_1_entrada,7,0,101,0,32,35
transporte,F_4_saida,CD_1_entrada,8,0,144,0,31,17
transporte,F_4_saida,CD_1_entrada,9,0,83,0,103,63
transporte,F_4_saida,CD_2_entrada,0,0,108,0,74,42
transporte,F_4_saida,CD_2_entrada,1,0,99,0,33,67
transporte,F_4_saida,CD_2_entrada,2,0,104,0,53,64
transporte,F_4_saida,CD_2_entrada,3,0,91,0,25,34
transporte,F_4_saida,CD_2_entrada,4,0,98,0,105,82
transporte,F_4_saida,CD_2_entrada,5,0,52,0,33,54
transporte,F_4_saida,CD_2_entrada,6,0,40,0,66,59
transporte,F_4_saida,CD_2_entrada,7,0,97,0,77,13
transporte,F_4_saida,CD_2_entrada,8,0,129,0,18,84
transporte,F_4_saida,CD_2_entrada,9,0,68,0,62,75
transporte,F_4_saida,CD_3_entrada,0,0,130,0,76,14
transporte,F_4_saida,CD_3_entrada,1,0,44,0,28,13
transporte,F_4_saida,CD_3_entrada,2,0,157,0,47,19
transporte,F_4_saida,CD_3_entrada,3,0,65,0,23,17
transporte,F_4_saida,CD_3_entrada,4,0,118,0,94,81
transporte,F_4_saida,CD_3_entrada,5,0,87,0,71,36
transporte,F_4_saida,CD_3_entrada,6,0,87,0,34,65
transporte,F_4_saida,CD_3_entrada,7,0,72,0,45,29
transporte,F_4_saida,CD_3_entrada,8,0,37,0,30,74
transporte,F_4_saida,CD_3_entrada,9,0,92,0,54,77
transporte,F_4_saida,CD_4_entrada,0,0,156,0,34,56
transporte,F_4_saida,CD_4_entrada,1,0,71,0,89,43
transporte,F_4_saida,CD_4_entrada,2,0,108,0,78,25
transporte,F_4_saida,CD_4_entrada,3,0,147,0,64,32
transporte,F_4_saida,CD_4_entrada,4,0,107,0,106,35
transporte,F_4_saida,CD_4_entrada,5,0,156,0,56,28
transporte,F_4_saida,CD_4_entrada,6,0,180,0,49,25
transporte,F_4_saida,CD_4_entrada,7,0,138,0,78,79
transporte,F_4_saida,CD_4_entrada,8,0,73,0,103,85
transporte,F_4_saida,CD_4_entrada,9,0,136,0,62,80
transporte,F_0_saida,CD_0_entrada,0,0,141,0,61,84
transporte,F_0_saida,CD_0_entrada,1,0,148,0,72,32
transporte,F_0_saida,CD_0_entrada,2,0,58,0,75,32
transporte,F_0_saida,CD_0_entrada,3,0,126,0,38,56
transporte,F_0_saida,CD_0_entrada,4,0,169,0,90,48
transporte,F_0_saida,CD_0_entrada,5,0,190,0,26,26
transporte,F_0_saida,CD_0_entrada,6,0,139,0,50,47
transporte,F_0_saida,CD_0_entrada,7,0,74,0,107,64
transporte,F_0_saida,CD_0_entrada,8,0,126,0,20,59
transporte,F_0_saida,CD_0_entrada,9,0,171,0,59,53
transporte,F_0_saida,CD_1_entrada,0,0,88,0,82,79
transporte,F_0_saida,CD_1_entrada,1,0,144,0,41,15
transporte,F_0_saida,CD_1_entrada,2,0,132,0,72,15
transporte,F_0_saida,CD_1_entrada,3,0,117,0,22,99
transporte,F_0_saida,CD_1_entrada,4,0,82,0,80,56
transporte,F_0_saida,CD_1_entrada,5,0,154,0,79,69
transporte,F_0_saida,CD_1_entrada,6,0,84,0,62,19
transporte,F_0_saida,CD_1_entrada,7,0,110,0,31,19
transporte,F_0_saida,CD_1_entrada,8,0,79,0,67,64
transporte,F_0_saida,CD_1_entrada,9,0,148,0,104,26
transporte,F_0_saida,CD_2_entrada,0,0,109,0,107,94
transporte,F_0_saida,CD_2_entrada,1,0,136,0,62,25
transporte,F_0_saida,CD_2_entrada,2,0,47,0,91,48
transporte,F_0_saida,CD_2_entrada,3,0,48,0,79,70
transporte,F_0_saida,CD_2_entrada,4,0,74,0,96,10
transporte,F_0_saida,CD_2_entrada,5,0,73,0,48,93
transporte,F_0_saida,CD_2_entrada,6,0,60,0,71,67
transporte,F_0_saida,CD_2_entrada,7,0,74,0,103,50
transporte,F_0_saida,CD_2_entrada,8,0,156,0,94,61
transporte,F_0_saida,CD_2_entrada,9,0,92,0,97,44
transporte,F_0_saida,CD_3_entrada,0,0,140,0,75,82
transporte,F_0_saida,CD_3_entrada,1,0,109,0,22,78
transporte,F_0_saida,CD_3_entrada,2,0,124,0,69,94
transporte,F_0_saida,CD_3_entrada,3,0,151,0,98,38
transporte,F_0_saida,CD_3_entrada,4,0,73,0,75,16
transporte,F_0_saida,CD_3_entrada,5,0,95,0,63,19
transporte,F_0_saida,CD_3_entrada,6,0,123,0,38,46
transporte,F_0_saida,CD_3_entrada,7,0,100,0,43,60
transporte,F_0_saida,CD_3_entrada,8,0,178,0,60,90
transporte,F_0_saida,CD_3_entrada,9,0,112,0,101,56
transporte,F_0_saida,CD_4_entrada,0,0,169,0,48,91
transporte,F_0_saida,CD_4_entrada,1,0,115,0,105,55
transporte,F_0_saida,CD_4_entrada,2,0,55,0,28,80
transporte,F_0_saida,CD_4_entrada,3,0,103,0,95,46
transporte,F_0_saida,CD_4_entrada,4,0,129,0,79,29
transporte,F_0_saida,CD_4_entrada,5,0,162,0,55,32
transporte,F_0_saida,CD_4_entrada,6,0,110,0,79,52
transporte,F_0_saida,CD_4_entrada,7,0,88,0,45,85
transporte,F_0_saida,CD_4_entrada,8,0,35,0,75,18
transporte,F_0_saida,CD_4_entrada,9,0,103,0,69,52
transporte,F_1_saida,CD_0_entrada,0,0,150,0,100,76
transporte,F_1_saida,CD_0_entrada,1,0,162,0,22,54
transporte,F_1_saida,CD_0_entrada,2,0,28,0,52,33
transporte,F_1_saida,CD_0_entrada,3,0,123,0,72,46
transporte,F_1_saida,CD_0_entrada,4,0,100,0,87,27
transporte,F_1_saida,CD_0_entrada,5,0,80,0,58,20
transporte,F_1_saida,CD_0_entrada,6,0,54,0,103,73
transporte,F_1_saida,CD_0_entrada,7,0,122,0,43,28
transporte,F_1_saida,CD_0_entrada,8,0,111,0,48,45
transporte,F_1_saida,CD_0_entrada,9,0,139,0,25,67
transporte,F_1_saida,CD_1_entrada,0,0,139,0,71,36
transporte,F_1_saida,CD_1_entrada,1,0,105,0,76,94
transporte,F_1_saida,CD_1_entrada,2,0,75,0,76,41
transporte,F_1_saida,CD_1_entrada,3,0,194,0,38,13
transporte,F_1_saida,CD_1_entrada,4,0,65,0,90,49
transporte,F_1_saida,CD_1_entrada,5,0,87,0,71,69
transporte,F_1_saida,CD_1_entrada,6,0,120,0,108,28
transporte,F_1_saida,CD_1_entrada,7,0,49,0,35,96
transporte,F_1_saida,CD_1_entrada,8,0,177,0,92,40
transporte,F_1_saida,CD_1_entrada,9,0,149,0,20,32
transporte,F_1_saida,CD_2_entrada,0,0,93,0,103,92
transporte,F_1_saida,CD_2_entrada,1,0,120,0,19,16
transporte,F_1_saida,CD_2_entrada,2,0,125,0,73,23
transporte,F_1_saida,CD_2_entrada,3,0,50,0,52,19
transporte,F_1_saida,CD_2_entrada,4,0,55,0,21,58
transporte,F_1_saida,CD_2_entrada,5,0,119,0,106,64
transporte,F_1_saida,CD_2_entrada,6,0,88,0,77,73
transporte,F_1_saida,CD_2_entrada,7,0,185,0,26,82
transporte,F_1_saida,CD_2_entrada,8,0,170,0,33,19
transporte,F_1_saida,CD_2_entrada,9,0,103,0,52,77
transporte,F_1_saida,CD_3_entrada,0,0,178,0,98,25
transporte,F_1_saida,CD_3_entrada,1,0,164,0,45,47
transporte,F_1_saida,CD_3_entrada,2,0,154,0,51,14
transporte,F_1_saida,CD_3_entrada,3,0,141,0,72,78
transporte,F_1_saida,CD_3_entrada,4,0,191,0,56,43
transporte,F_1_saida,CD_3_entrada,5,0,148,0,34,64
transporte,F_1_saida,CD_3_entrada,6,0,149,0,34,59
transporte,F_1_saida,CD_3_entrada,7,0,175,0,36,39
transporte,F_1_saida,CD_3_entrada,8,0,175,0,83,64
transporte,F_1_saida,CD_3_entrada,9,0,89,0,90,90
transporte,F_1_saida,CD_4_entrada,0,0,159,0,56,24
transporte,F_1_saida,CD_4_entrada,1,0,123,0,18,44
transporte,F_1_saida,CD_4_entrada,2,0,74,0,47,11
transporte,F_1_saida,CD_4_entrada,3,0,117,0,40,66
transporte,F_1_saida,CD_4_entrada,4,0,126,0,62,68
transporte,F_1_saida,CD_4_entrada,5,0,112,0,97,32
transporte,F_1_saida,CD_4_entrada,6,0,117,0,56,20
transporte,F_1_saida,CD_4_entrada,7,0,98,0,50,34
transporte,F_1_saida,CD_4_entrada,8,0,72,0,92,94
transporte,F_1_saida,CD_4_entrada,9,0,168,0,39,32
transporte,F_2_saida,CD_0_entrada,0,0,101,0,41,19
transporte,F_2_saida,CD_0_entrada,1,0,99,0,93,30
transporte,F_2_saida,CD_0_entrada,2,0,86,0,94,70
transporte,F_2_saida,CD_0_entrada,3,0,122,0,100,97
transporte,F_2_saida,CD_0_entrada,4,0,69,0,57,27
transporte,F_2_saida,CD_0_entrada,5,0,54,0,97,39
transporte,F_2_saida,CD_0_entrada,6,0,79,0,88,49
transporte,F_2_saida,CD_0_entrada,7,0,109,0,22,65
transporte,F_2_saida,CD_0_entrada,8,0,86,0,83,19
transporte,F_2_saida,CD_0_entrada,9,0,116,0,105,92
transporte,F_2_saida,CD_1_entrada,0,0,140,0,32,64
transporte,F_2_saida,CD_1_entrada,1,0,127,0,85,76
transporte,F_2_saida,CD_1_entrada,2,0,176,0,32,45
transporte,F_2_saida,CD_1_entrada,3,0,160,0,68,61
transporte,F_2_saida,CD_1_entrada,4,0,43,0,89,58
transporte,F_2_saida,CD_1_entrada,5,0,145,0,21,93
transporte,F_2_saida,CD_1_entrada,6,0,151,0,49,15
transporte,F_2_saida,CD_1_entrada,7,0,109,0,73,87
transporte,F_2_saida,CD_1_entrada,8,0,29,0,96,12
transporte,F_2_saida,CD_1_entrada,9,0,143,0,40,80
transporte,F_2_saida,CD_2_entrada,0,0,78,0,96,85
transporte,F_2_saida,CD_2_entrada,1,0,94,0,84,57
transporte,F_2_saida,CD_2_entrada,2,0,70,0,78,13
transporte,F_2_saida,CD_2_entrada,3,0,110,0,29,96
transporte,F_2_saida,CD_2_entrada,4,0,118,0,45,63
transporte,F_2_saida,CD_2_entrada,5,0,73,0,72,96
transporte,F_2_saida,CD_2_entrada,6,0,142,0,36,66
transporte,F_2_saida,CD_2_entrada,7,0,162,0,92,16
transporte,F_2_saida,CD_2_entrada,8,0,45,0,98,28
transporte,F_2_saida,CD_2_entrada,9,0,98,0,16,31
transporte,F_2_saida,CD_3_entrada,0,0,147,0,101,91
transporte,F_2_saida,CD_3_entrada,1,0,121,0,30,79
transporte,F_2_saida,CD_3_entrada,2,0,171,0,102,80
transporte,F_2_saida,CD_3_entrada,3,0,159,0,64,40
transporte,F_2_saida,CD_3_entrada,4,0,70,0,29,89
transporte,F_2_saida,CD_3_entrada,5,0,130,0,103,95
transporte,F_2_saida,CD_3_entrada,6,0,82,0,41,20
transporte,F_2_saida,CD_3_entrada,7,0,118,0,79,24
transporte,F_2_saida,CD_3_entrada,8,0,127,0,25,49
transporte,F_2_saida,CD_3_entrada,9,0,105,0,80,88
transporte,F_2_saida,CD_4_entrada,0,0,79,0,25,99
transporte,F_2_saida,CD_4_entrada,1,0,145,0,50,49
transporte,F_2_saida,CD_4_entrada,2,0,158,0,48,59
transporte,F_2_saida,CD_4_entrada,3,0,108,0,96,99
transporte,F_2_saida,CD_4_entrada,4,0,116,0,38,64
transporte,F_2_saida,CD_4_entrada,5,0,195,0,48,70
transporte,F_2_saida,CD_4_entrada,6,0,138,0,59,15
transporte,F_2_saida,CD_4_entrada,7,0,111,0,110,29
transporte,F_2_saida,CD_4_entrada,8,0,51,0,36,86
transporte,F_2_saida,CD_4_entrada,9,0,87,0,24,68
transporte,F_3_saida,CD_0_entrada,0,0,43,0,108,45
transporte,F_3_saida,CD_0_entrada,1,0,109,0,92,99
transporte,F_3_saida,CD_0_entrada,2,0,101,0,48,42
transporte,F_3_saida,CD_0_entrada,3,0,107,0,99,73
transporte,F_3_saida,CD_0_entrada,4,0,133,0,42,85
transporte,F_3_saida,CD_0_entrada,5,0,67,0,29,24
transporte,F_3_saida,CD_0_entrada,6,0,151,0,59,82
transporte,F_3_saida,CD_0_entrada,7,0,65,0,59,76
transporte,F_3_saida,CD_0_entrada,8,0,61,0,110,51
transporte,F_3_saida,CD_0_entrada,9,0,99,0,22,46
transporte,F_3_saida,CD_1_entrada,0,0,58,0,57,67
transporte,F_3_saida,CD_1_entrada,1,0,54,0,52,92
transporte,F_3_saida,CD_1_entrada,2,0,152,0,85,20
transporte,F_3_saida,CD_1_entrada,3,0,143,0,110,82
transporte,F_3_saida,CD_1_entrada,4,0,59,0,75,76
transporte,F_3_saida,CD_1_entrada,5,0,145,0,96,25
transporte,F_3_saida,CD_1_entrada,6,0,98,0,88,18
transporte,F_3_saida,CD_1_entrada,7,0,84,0,35,74
transporte,F_3_saida,CD_1_entrada,8,0,68,0,61,32
transporte,F_3_saida,CD_1_entrada,9,0,156,0,70,71
transporte,F_3_saida,CD_2_entrada,0,0,84,0,96,22
transporte,F_3_saida,CD_2_entrada,1,0,118,0,65,52
transporte,F_3_saida,CD_2_entrada,2,0,87,0,105,25
transporte,F_3_saida,CD_2_entrada,3,0,166,0,45,18
transporte,F_3_saida,CD_2_entrada,4,0,134,0,33,51
transporte,F_3_saida,CD_2_entrada,5,0,64,0,19,93
transporte,F_3_saida,CD_2_entrada,6,0,106,0,64,88
transporte,F_3_saida,CD_2_entrada,7,0,38,0,99,94
transporte,F_3_saida,CD_2_entrada,8,0,170,0,93,79
transporte,F_3_saida,CD_2_entrada,9,0,128,0,55,23
transporte,F_3_saida,CD_3_entrada,0,0,118,0,84,10
transporte,F_3_saida,CD_3_entrada,1,0,115,0,53,15
transporte,F_3_saida,CD_3_entrada,2,0,161,0,77,29
transporte,F_3_saida,CD_3_entrada,3,0,93,0,88,95
transporte,F_3_saida,CD_3_entrada,4,0,89,0,92,17
transporte,F_3_saida,CD_3_entrada,5,0,40,0,46,59
transporte,F_3_saida,CD_3_entrada,6,0,101,0,27,97
transporte,F_3_saida,CD_3_entrada,7,0,162,0,33,41
transporte,F_3_saida,CD_3_entrada,8,0,75,0,76,27
transporte,F_3_saida,CD_3_entrada,9,0,86,0,24,61
transporte,F_3_saida,CD_4_entrada,0,0,120,0,69,58
transporte,F_3_saida,CD_4_entrada,1,0,136,0,27,52
transporte,F_3_saida,CD_4_entrada,2,0,138,0,99,26
transporte,F_3_saida,CD_4_entrada,3,0,101,0,73,80
transporte,F_3_saida,CD_4_entrada,4,0,111,0,72,63
transporte,F_3_saida,CD_4_entrada,5,0,53,0,39,17
transporte,F_3_saida,CD_4_entrada,6,0,97,0,53,80
transporte,F_3_saida,CD_4_entrada,7,0,105,0,79,25
transporte,F_3_saida,CD_4_entrada,8,0,135,0,46,70
transporte,F_3_saida,CD_4_entrada,9,0,98,0,111,70
transporte,F_4_saida,CD_0_entrada,0,0,120,0,45,29
transporte,F_4_saida,CD_0_entrada,1,0,117,0,25,67
transporte,F_4_saida,CD_0_entrada,2,0,135,0,60,21
transporte,F_4_saida,CD_0_entrada,3,0,102,0,94,16
transporte,F_4_saida,CD_0_entrada,4,0,181,0,57,13
transporte,F_4_saida,CD_0_entrada,5,0,110,0,40,16
transporte,F_4_saida,CD_0_entrada,6,0,87,0,23,69
transporte,F_4_saida,CD_0_entrada,7,0,172,0,85,90
transporte,F_4_saida,CD_0_entrada,8,0,101,0,54,82
transporte,F_4_saida,CD_0_entrada,9,0,38,0,72,63
transporte,F_4_saida,CD_1_entrada,0,0,142,0,70,26
transporte,F_4_saida,CD_1_entrada,1,0,175,0,43,52
transporte,F_4_saida,CD_1_entrada,2,0,166,0,41,32
transporte,F_4_saida,CD_1_entrada,3,0,39,0,79,32
transporte,F_4_saida,CD_1_entrada,4,0,111,0,103,41
transporte,F_4_saida,CD_1_entrada,5,0,118,0,106,15
transporte,F_4_saida,CD_1_entrada,6,0,144,0,88,17
transporte,F_4_saida,CD_1_entrada,7,0,113,0,51,40
transporte,F_4_saida,CD_1_entrada,8,0,183,0,30,96
transporte,F_4_saida,CD_1_entrada,9,0,93,0,99,57
transporte,F_4_saida,CD_2_entrada,0,0,134,0,36,61
transporte,F_4_saida,CD_2_entrada,1,0,89,0,68,86
transporte,F_4_saida,CD_2_entrada,2,0,108,0,89,16
transporte,F_4_saida,CD_2_entrada,3,0,86,0,79,58
transporte,F_4_saida,CD_2_entrada,4,0,183,0,100,35
transporte,F_4_saida,CD_2_entrada,5,0,184,0,106,11
transporte,F_4_saida,CD_2_entrada,6,0,117,0,105,60
transporte,F_4_saida,CD_2_entrada,7,0,161,0,57,82
transporte,F_4_saida,CD_2_entrada,8,0,87,0,28,19
transporte,F_4_saida,CD_2_entrada,9,0,87,0,97,79
transporte,F_4_saida,CD_3_entrada,0,0,160,0,78,78
transporte,F_4_saida,CD_3_entrada,1,0,47,0,57,26
transporte,F_4_saida,CD_3_entrada,2,0,168,0,18,93
transporte,F_4_saida,CD_3_entrada,3,0,94,0,62,91
transporte,F_4_saida,CD_3_entrada,4,0,87,0,77,39
transporte,F_4_saida,CD_3_entrada,5,0,139,0,83,79
transporte,F_4_saida,CD_3_entrada,6,0,132,0,24,46
transporte,F_4_saida,CD_3_entrada,7,0,150,0,67,39
transporte,F_4_saida,CD_3_entrada,8,0,120,0,95,50
transporte,F_4_saida,CD_3_entrada,9,0,129,0,52,61
transporte,F_4_saida,CD_4_entrada,0,0,91,0,107,76
transporte,F_4_saida,CD_4_entrada,1,0,97,0,64,97
transporte,F_4_saida,CD_4_entrada,2,0,38,0,91,17
transporte,F_4_saida,CD_4_entrada,3,0,104,0,67,74
transporte,F_4_saida,CD_4_entrada,4,0,143,0,62,14
transporte,F_4_saida,CD_4_entrada,5,0,57,0,36,67
transporte,F_4_saida,CD_4_entrada,6,0,89,0,104,75
transporte,F_4_saida,CD_4_entrada,7,0,95,0,39,10
transporte,F_4_saida,CD_4_entrada,8,0,144,0,98,46
transporte,F_4_saida,CD_4_entrada,9,0,131,0,40,48
transporte,CD_0_saida,C_0,0,0,90,0,74,78
transporte,CD_0_saida,C_0,1,0,97,0,68,55
transporte,CD_0_saida,C_0,2,0,59,0,75,99
transporte,CD_0_saida,C_0,3,0,50,0,47,83
transporte,CD_0_saida,C_0,4,0,113,0,58,72
transporte,CD_0_saida,C_0,5,0,148,0,87,70
transporte,CD_0_saida,C_0,6,0,78,0,31,46
transporte,CD_0_saida,C_0,7,0,117,0,78,19
transporte,CD_0_saida,C_0,8,0,152,0,24,17
transporte,CD_0_saida,C_0,9,0,161,0,45,74
transporte,CD_0_saida,C_1,0,0,76,0,19,17
transporte,CD_0_saida,C_1,1,0,121,0,91,83
transporte,CD_0_saida,C_1,2,0,166,0,79,79
transporte,CD_0_saida,C_1,3,0,120,0,76,44
transporte,CD_0_saida,C_1,4,0,141,0,70,68
transporte,CD_0_saida,C_1,5,0,128,0,97,25
transporte,CD_0_saida,C_1,6,0,58,0,55,75
transporte,CD_0_saida,C_1,7,0,68,0,77,95
transporte,CD_0_saida,C_1,8,0,140,0,43,40
transporte,CD_0_saida,C_1,9,0,92,0,57,99
transporte,CD_0_saida,C_2,0,0,141,0,79,56
transporte,CD_0_saida,C_2,1,0,148,0,39,24
transporte,CD_0_saida,C_2,2,0,145,0,46,33
transporte,CD_0_saida,C_2,3,0,99,0,103,92
transporte,CD_0_saida,C_2,4,0,180,0,73,96
transporte,CD_0_saida,C_2,5,0,87,0,54,57
transporte,CD_0_saida,C_2,6,0,142,0,45,87
transporte,CD_0_saida,C_2,7,0,152,0,45,55
transporte,CD_0_saida,C_2,8,0,30,0,89,97
transporte,CD_0_saida,C_2,9,0,81,0,38,77
transporte,CD_0_saida,C_3,0,0,97,0,98,20
transporte,CD_0_saida,C_3,1,0,94,0,52,70
transporte,CD_0_saida,C_3,2,0,171,0,53,13
transporte,CD_0_saida,C_3,3,0,145,0,92,52
transporte,CD_0_saida,C_3,4,0,58,0,53,50
transporte,CD_0_saida,C_3,5,0,78,0,67,30
transporte,CD_0_saida,C_3,6,0,69,0,108,97
transporte,CD_0_saida,C_3,7,0,131,0,30,20
transporte,CD_0_saida,C_3,8,0,97,0,68,93
transporte,CD_0_saida,C_3,9,0,187,0,31,85
transporte,CD_0_saida,C_4,0,0,39,0,56,51
transporte,CD_0_saida,C_4,1,0,121,0,86,84
transporte,CD_0_saida,C_4,2,0,63,0,22,24
transporte,CD_0_saida,C_4,3,0,103,0,24,65
transporte,CD_0_saida,C_4,4,0,129,0,99,48
transporte,CD_0_saida,C_4,5,0,40,0,68,24
transporte,CD_0_saida,C_4,6,0,99,0,65,13
transporte,CD_0_saida,C_4,7,0,152,0,32,68
transporte,CD_0_saida,C_4,8,0,107,0,71,65
transporte,CD_0_saida,C_4,9,0,193,0,68,50
transporte,CD_0_saida,C_5,0,0,113,0,77,39
transporte,CD_0_saida,C_5,1,0,77,0,37,15
transporte,CD_0_saida,C_5,2,0,121,0,64,33
transporte,CD_0_saida,C_5,3,0,139,0,42,58
transporte,CD_0_saida,C_5,4,0,157,0,22,91
transporte,CD_0_saida,C_5,5,0,67,0,58,36
transporte,CD_0_saida,C_5,6,0,107,0,98,17
transporte,CD_0_saida,C_5,7,0,51,0,55,26
transporte,CD_0_saida,C_5,8,0,155,0,97,32
transporte,CD_0_saida,C_5,9,0,57,0,15,67
transporte,CD_0_saida,C_6,0,0,95,0,56,59
transporte,CD_0_saida,C_6,1,0,145,0,66,47
transporte,CD_0_saida,C_6,2,0,68,0,54,12
transporte,CD_0_saida,C_6,3,0,66,0,44,46
transporte,CD_0_saida,C_6,4,0,109,0,31,64
transporte,CD_0_saida,C_6,5,0,113,0,34,34
transporte,CD_0_saida,C_6,6,0,109,0,99,88
transporte,CD_0_saida,C_6,7,0,127,0,45,67
transporte,CD_0_saida,C_6,8,0,101,0,51,51
transporte,CD_0_saida,C_6,9,0,118,0,45,25
transporte,CD_0_saida,C_7,0,0,104,0,83,46
transporte,CD_0_saida,C_7,1,0,143,0,33,31
transporte,CD_0_saida,C_7,2,0,139,0,31,95
transporte,CD_0_saida,C_7,3,0,156,0,97,32
transporte,CD_0_saida,C_7,4,0,135,0,51,17
transporte,CD_0_saida,C_7,5,0,105,0,63,54
transporte,CD_0_saida,C_7,6,0,159,0,75,96
transporte,CD_0_saida,C_7,7,0,125,0,86,67
transporte,CD_0_saida,C_7,8,0,161,0,45,48
transporte,CD_0_saida,C_7,9,0,82,0,56,14
transporte,CD_0_saida,C_8,0,0,85,0,97,95
transporte,CD_0_saida,C_8,1,0,123,0,101,32
transporte,CD_0_saida,C_8,2,0,95,0,55,59
transporte,CD_0_saida,C_8,3,0,140,0,98,85
transporte,CD_0_saida,C_8,4,0,118,0,54,14
transporte,CD_0_saida,C_8,5,0,141,0,62,54
transporte,CD_0_saida,C_8,6,0,142,0,49,11
transporte,CD_0_saida,C_8,7,0,112,0,17,65
transporte,CD_0_saida,C_8,8,0,54,0,50,80
transporte,CD_0_saida,C_8,9,0,69,0,40,31
transporte,CD_0_saida,C_9,0,0,86,0,48,23
transporte,CD_0_saida,C_9,1,0,87,0,21,67
transporte,CD_0_saida,C_9,2,0,159,0,56,85
transporte,CD_0_saida,C_9,3,0,85,0,95,18
transporte,CD_0_saida,C_9,4,0,140,0,85,39
transporte,CD_0_saida,C_9,5,0,135,0,60,33
transporte,CD_0_saida,C_9,6,0,71,0,36,49
transporte,CD_0_saida,C_9,7,0,104,0,69,15
transporte,CD_0_saida,C_9,8,0,156,0,83,93
transporte,CD_0_saida,C_9,9,0,138,0,23,24
transporte,CD_0_saida,C_10,0,0,103,0,82,46
transporte,CD_0_saida,C_10,1,0,110,0,84,32
transporte,CD_0_saida,C_10,2,0,55,0,43,57
transporte,CD_0_saida,C_10,3,0,138,0,78,38
transporte,CD_0_saida,C_10,4,0,130,0,44,63
transporte,CD_0_saida,C_10,5,0,21,0,69,91
transporte,CD_0_saida,C_10,6,0,167,0,42,90
transporte,CD_0_saida,C_10,7,0,106,0,23,80
transporte,CD_0_saida,C_10,8,0,72,0,68,76
transporte,CD_0_saida,C_10,9,0,107,0,71,48
transporte,CD_0_saida,C_11,0,0,156,0,34,71
transporte,CD_0_saida,C_11,1,0,120,0,83,27
transporte,CD_0_saida,C_11,2,0,103,0,77,76
transporte,CD_0_saida,C_11,3,0,39,0,52,64
transporte,CD_0_saida,C_11,4,0,90,0,107,42
transporte,CD_0_saida,C_11,5,0,147,0,88,18
transporte,CD_0_saida,C_11,6,0,90,0,111,70
transporte,CD_0_saida,C_11,7,0,74,0,28,87
transporte,CD_0_saida,C_11,8,0,114,0,53,78
transporte,CD_0_saida,C_11,9,0,159,0,66,93
transporte,CD_0_saida,C_12,0,0,131,0,83,33
transporte,CD_0_saida,C_12,1,0,167,0,58,33
transporte,CD_0_saida,C_12,2,0,190,0,31,76
transporte,CD_0_saida,C_12,3,0,66,0,71,53
transporte,CD_0_saida,C_12,4,0,36,0,83,12
transporte,CD_0_saida,C_12,5,0,120,0,24,46
transporte,CD_0_saida,C_12,6,0,131,0,28,34
transporte,CD_0_saida,C_12,7,0,138,0,55,71
transporte,CD_0_saida,C_12,8,0,65,0,89,63
transporte,CD_0_saida,C_12,9,0,117,0,61,44
transporte,CD_0_saida,C_13,0,0,44,0,54,13
transporte,CD_0_saida,C_13,1,0,103,0,39,58
transporte,CD_0_saida,C_13,2,0,126,0,108,91
transporte,CD_0_saida,C_13,3,0,64,0,63,36
transporte,CD_0_saida,C_13,4,0,163,0,100,42
transporte,CD_0_saida,C_13,5,0,108,0,18,48
transporte,CD_0_saida,C_13,6,0,113,0,49,61
transporte,CD_0_saida,C_13,7,0,138,0,16,37
transporte,CD_0_saida,C_13,8,0,148,0,16,55
transporte,CD_0_saida,C_13,9,0,91,0,95,45
transporte,CD_0_saida,C_14,0,0,79,0,68,15
transporte,CD_0_saida,C_14,1,0,127,0,35,91
transporte,CD_0_saida,C_14,2,0,75,0,58,93
transporte,CD_0_saida,C_14,3,0,72,0,30,51
transporte,CD_0_saida,C_14,4,0,115,0,85,66
transporte,CD_0_saida,C_14,5,0,139,0,99,31
transporte,CD_0_saida,C_14,6,0,87,0,108,73
transporte,CD_0_saida,C_14,7,0,86,0,32,70
transporte,CD_0_saida,C_14,8,0,82,0,97,29
transporte,CD_0_saida,C_14,9,0,83,0,45,48
transporte,CD_0_saida,C_15,0,0,120,0,64,97
transporte,CD_0_saida,C_15,1,0,161,0,66,10
transporte,CD_0_saida,C_15,2,0,112,0,79,25
transporte,CD_0_saida,C_15,3,0,48,0,105,28
transporte,CD_0_saida,C_15,4,0,66,0,97,42
transporte,CD_0_saida,C_15,5,0,103,0,98,77
transporte,CD_0_saida,C_15,6,0,165,0,15,39
transporte,CD_0_saida,C_15,7,0,84,0,40,69
transporte,CD_0_saida,C_15,8,0,107,0,26,69
transporte,CD_0_saida,C_15,9,0,152,0,34,61
transporte,CD_0_saida,C_16,0,0,83,0,67,57
transporte,CD_0_saida,C_16,1,0,95,0,78,16
transporte,CD_0_saida,C_16,2,0,50,0,111,33
transporte,CD_0_saida,C_16,3,0,148,0,64,46
transporte,CD_0_saida,C_16,4,0,102,0,68,94
transporte,CD_0_saida,C_16,5,0,177,0,89,21
transporte,CD_0_saida,C_16,6,0,76,0,85,17
transporte,CD_0_saida,C_16,7,0,82,0,66,13
transporte,CD_0_saida,C_16,8,0,87,0,111,72
transporte,CD_0_saida,C_16,9,0,126,0,74,64
transporte,CD_0_saida,C_17,0,0,100,0,63,15
transporte,CD_0_saida,C_17,1,0,95,0,99,25
transporte,CD_0_saida,C_17,2,0,149,0,110,20
transporte,CD_0_saida,C_17,3,0,104,0,62,27
transporte,CD_0_saida,C_17,4,0,168,0,61,45
transporte,CD_0_saida,C_17,5,0,76,0,32,66
transporte,CD_0_saida,C_17,6,0,161,0,20,41
transporte,CD_0_saida,C_17,7,0,65,0,102,19
transporte,CD_0_saida,C_17,8,0,139,0,84,28
transporte,CD_0_saida,C_17,9,0,83,0,37,20
transporte,CD_0_saida,C_18,0,0,60,0,47,45
transporte,CD_0_saida,C_18,1,0,60,0,58,17
transporte,CD_0_saida,C_18,2,0,99,0,63,81
transporte,CD_0_saida,C_18,3,0,101,0,55,38
transporte,CD_0_saida,C_18,4,0,115,0,99,18
transporte,CD_0_saida,C_18,5,0,137,0,22,21
transporte,CD_0_saida,C_18,6,0,153,0,58,10
transporte,CD_0_saida,C_18,7,0,121,0,32,99
transporte,CD_0_saida,C_18,8,0,100,0,72,11
transporte,CD_0_saida,C_18,9,0,90,0,77,87
transporte,CD_0_saida,C_19,0,0,112,0,63,76
transporte,CD_0_saida,C_19,1,0,63,0,93,18
transporte,CD_0_saida,C_19,2,0,129,0,58,98
transporte,CD_0_saida,C_19,3,0,149,0,67,81
transporte,CD_0_saida,C_19,4,0,73,0,31,45
transporte,CD_0_saida,C_19,5,0,87,0,57,29
transporte,CD_0_saida,C_19,6,0,90,0,104,33
transporte,CD_0_saida,C_19,7,0,80,0,52,51
transporte,CD_0_saida,C_19,8,0,151,0,79,28
transporte,CD_0_saida,C_19,9,0,86,0,30,28
transporte,CD_1_saida,C_0,0,0,119,0,67,91
transporte,CD_1_saida,C_0,1,0,108,0,30,22
transporte,CD_1_saida,C_0,2,0,126,0,24,57
transporte,CD_1_saida,C_0,3,0,65,0,87,71
transporte,CD_1_saida,C_0,4,0,170,0,57,53
transporte,CD_1_saida,C_0,5,0,109,0,67,99
transporte,CD_1_saida,C_0,6,0,113,0,77,18
transporte,CD_1_saida,C_0,7,0,190,0,22,62
transporte,CD_1_saida,C_0,8,0,169,0,110,67
transporte,CD_1_saida,C_0,9,0,136,0,51,82
transporte,CD_1_saida,C_1,0,0,86,0,99,33
transporte,CD_1_saida,C_1,1,0,161,0,15,60
transporte,CD_1_saida,C_1,2,0,113,0,77,28
transporte,CD_1_saida,C_1,3,0,26,0,47,48
transporte,CD_1_saida,C_1,4,0,79,0,107,50
transporte,CD_1_saida,C_1,5,0,128,0,92,50
transporte,CD_1_saida,C_1,6,0,136,0,107,29
transporte,CD_1_saida,C_1,7,0,99,0,36,95
transporte,CD_1_saida,C_1,8,0,124,0,70,62
transporte,CD_1_saida,C_1,9,0,94,0,28,66
transporte,CD_1_saida,C_2,0,0,59,0,41,13
transporte,CD_1_saida,C_2,1,0,107,0,33,60
transporte,CD_1_saida,C_2,2,0,187,0,80,53
transporte,CD_1_saida,C_2,3,0,130,0,88,57
transporte,CD_1_saida,C_2,4,0,156,0,86,96
transporte,CD_1_saida,C_2,5,0,103,0,20,79
transporte,CD_1_saida,C_2,6,0,114,0,24,19
transporte,CD_1_saida,C_2,7,0,89,0,83,54
transporte,CD_1_saida,C_2,8,0,171,0,26,57
transporte,CD_1_saida,C_2,9,0,164,0,29,84
transporte,CD_1_saida,C_3,0,0,146,0,36,66
transporte,CD_1_saida,C_3,1,0,171,0,28,17
transporte,CD_1_saida,C_3,2,0,146,0,86,42
transporte,CD_1_saida,C_3,3,0,93,0,51,76
transporte,CD_1_saida,C_3,4,0,65,0,110,92
transporte,CD_1_saida,C_3,5,0,122,0,67,14
transporte,CD_1_saida,C_3,6,0,169,0,105,85
transporte,CD_1_saida,C_3,7,0,128,0,88,77
transporte,CD_1_saida,C_3,8,0,134,0,95,10
transporte,CD_1_saida,C_3,9,0,89,0,85,44
transporte,CD_1_saida,C_4,0,0,117,0,67,40
transporte,CD_1_saida,C_4,1,0,124,0,52,95
transporte,CD_1_saida,C_4,2,0,120,0,55,15
transporte,CD_1_saida,C_4,3,0,139,0,31,33
transporte,CD_1_saida,C_4,4,0,100,0,83,36
transporte,CD_1_saida,C_4,5,0,130,0,103,60
transporte,CD_1_saida,C_4,6,0,168,0,59,10
transporte,CD_1_saida,C_4,7,0,129,0,78,86
transporte,CD_1_saida,C_4,8,0,102,0,83,83
transporte,CD_1_saida,C_4,9,0,149,0,73,17
transporte,CD_1_saida,C_5,0,0,103,0,28,46
transporte,CD_1_saida,C_5,1,0,73,0,25,84
transporte,CD_1_saida,C_5,2,0,109,0,41,29
transporte,CD_1_saida,C_5,3,0,92,0,43,85
transporte,CD_1_saida,C_5,4,0,171,0,84,26
transporte,CD_1_saida,C_5,5,0,113,0,82,71
transporte,CD_1_saida,C_5,6,0,145,0,49,57
transporte,CD_1_saida,C_5,7,0,118,0,67,76
transporte,CD_1_saida,C_5,8,0,56,0,71,46
transporte,CD_1_saida,C_5,9,0,132,0,87,46
transporte,CD_1_saida,C_6,0,0,82,0,102,59
transporte,CD_1_saida,C_6,1,0,87,0,63,71
transporte,CD_1_saida,C_6,2,0,120,0,74,70
transporte,CD_1_saida,C_6,3,0,135,0,74,77
transporte,CD_1_saida,C_6,4,0,131,0,83,39
transporte,CD_1_saida,C_6,5,0,62,0,78,71
transporte,CD_1_saida,C_6,6,0,143,0,50,50
transporte,CD_1_saida,C_6,7,0,76,0,97,26
transporte,CD_1_saida,C_6,8,0,105,0,99,37
transporte,CD_1_saida,C_6,9,0,113,0,90,92
transporte,CD_1_saida,C_7,0,0,110,0,41,58
transporte,CD_1_saida,C_7,1,0,75,0,99,72
transporte,CD_1_saida,C_7,2,0,107,0,67,13
transporte,CD_1_saida,C_7,3,0,32,0,34,15
transporte,CD_1_saida,C_7,4,0,116,0,86,62
transporte,CD_1_saida,C_7,5,0,147,0,33,41
transporte,CD_1_saida,C_7,6,0,119,0,91,41
transporte,CD_1_saida,C_7,7,0,118,0,105,36
transporte,CD_1_saida,C_7,8,0,118,0,58,86
transporte,CD_1_saida,C_7,9,0,48,0,106,34
transporte,CD_1_saida,C_8,0,0,123,0,31,98
transporte,CD_1_saida,C_8,1,0,94,0,80,54
transporte,CD_1_saida,C_8,2,0,67,0,102,61
transporte,CD_1_saida,C_8,3,0,119,0,85,55
transporte,CD_1_saida,C_8,4,0,103,0,43,96
transporte,CD_1_saida,C_8,5,0,169,0,58,94
transporte,CD_1_saida,C_8,6,0,45,0,113,30
transporte,CD_1_saida,C_8,7,0,96,0,21,47
transporte,CD_1_saida,C_8,8,0,54,0,82,40
transporte,CD_1_saida,C_8,9,0,128,0,92,19
transporte,CD_1_saida,C_9,0,0,108,0,76,82
transporte,CD_1_saida,C_9,1,0,44,0,93,15
transporte,CD_1_saida,C_9,2,0,152,0,17,87
transporte,CD_1_saida,C_9,3,0,168,0,92,65
transporte,CD_1_saida,C_9,4,0,158,0,23,28
transporte,CD_1_saida,C_9,5,0,87,0,49,63
transporte,CD_1_saida,C_9,6,0,144,0,58,33
transporte,CD_1_saida,C_9,7,0,137,0,39,87
transporte,CD_1_saida,C_9,8,0,62,0,33,81
transporte,CD_1_saida,C_9,9,0,151,0,67,86
transporte,CD_1_saida,C_10,0,0,109,0,55,68
transporte,CD_1_saida,C_10,1,0,49,0,37,81
transporte,CD_1_saida,C_10,2,0,180,0,57,85
transporte,CD_1_saida,C_10,3,0,156,0,44,12
transporte,CD_1_saida,C_10,4,0,124,0,52,13
transporte,CD_1_saida,C_10,5,0,154,0,20,51
transporte,CD_1_saida,C_10,6,0,69,0,47,75
transporte,CD_1_saida,C_10,7,0,79,0,92,42
transporte,CD_1_saida,C_10,8,0,103,0,60,70
transporte,CD_1_saida,C_10,9,0,152,0,88,88
transporte,CD_1_saida,C_11,0,0,106,0,25,93
transporte,CD_1_saida,C_11,1,0,131,0,101,35
transporte,CD_1_saida,C_11,2,0,86,0,66,57
transporte,CD_1_saida,C_11,3,0,132,0,74,92
transporte,CD_1_saida,C_11,4,0,110,0,68,92
transporte,CD_1_saida,C_11,5,0,32,0,45,18
transporte,CD_1_saida,C_11,6,0,66,0,45,22
transporte,CD_1_saida,C_11,7,0,114,0,95,80
transporte,CD_1_saida,C_11,8,0,115,0,50,97
transporte,CD_1_saida,C_11,9,0,101,0,90,54
transporte,CD_1_saida,C_12,0,0,38,0,19,86
transporte,CD_1_saida,C_12,1,0,141,0,103,69
transporte,CD_1_saida,C_12,2,0,107,0,20,84
transporte,CD_1_saida,C_12,3,0,129,0,36,28
transporte,CD_1_saida,C_12,4,0,131,0,97,15
transporte,CD_1_saida,C_12,5,0,170,0,24,95
transporte,CD_1_saida,C_12,6,0,50,0,84,60
transporte,CD_1_saida,C_12,7,0,93,0,52,90
transporte,CD_1_saida,C_12,8,0,96,0,20,25
transporte,CD_1_saida,C_12,9,0,132,0,63,24
transporte,CD_1_saida,C_13,0,0,102,0,53,21
transporte,CD_1_saida,C_13,1,0,88,0,40,49
transporte,CD_1_saida,C_13,2,0,139,0,32,44
transporte,CD_1_saida,C_13,3,0,144,0,86,42
transporte,CD_1_saida,C_13,4,0,169,0,90,21
transporte,CD_1_saida,C_13,5,0,113,0,65,57
transporte,CD_1_saida,C_13,6,0,178,0,30,83
transporte,CD_1_saida,C_13,7,0,34,0,50,90
transporte,CD_1_saida,C_13,8,0,131,0,19,86
transporte,CD_1_saida,C_13,9,0,106,0,53,41
transporte,CD_1_saida,C_14,0,0,146,0,76,52
transporte,CD_1_saida,C_14,1,0,71,0,31,54
transporte,CD_1_saida,C_14,2,0,84,0,70,86
transporte,CD_1_saida,C_14,3,0,79,0,61,59
transporte,CD_1_saida,C_14,4,0,131,0,100,82
transporte,CD_1_saida,C_14,5,0,126,0,84,84
transporte,CD_1_saida,C_14,6,0,163,0,54,38
transporte,CD_1_saida,C_14,7,0,163,0,105,52
transporte,CD_1_saida,C_14,8,0,178,0,64,25
transporte,CD_1_saida,C_14,9,0,161,0,24,34
transporte,CD_1_saida,C_15,0,0,165,0,40,86
transporte,CD_1_saida,C_15,1,0,163,0,113,34
transporte,CD_1_saida,C_15,2,0,85,0,75,35
transporte,CD_1_saida,C_15,3,0,141,0,93,82
transporte,CD_1_saida,C_15,4,0,100,0,44,69
transporte,CD_1_saida,C_15,5,0,149,0,89,98
transporte,CD_1_saida,C_15,6,0,129,0,41,25
transporte,CD_1_saida,C_15,7,0,72,0,51,84
transporte,CD_1_saida,C_15,8,0,154,0,93,78
transporte,CD_1_saida,C_15,9,0,152,0,85,27
transporte,CD_1_saida,C_16,0,0,133,0,42,38
transporte,CD_1_saida,C_16,1,0,78,0,85,14
transporte,CD_1_saida,C_16,2,0,122,0,55,20
transporte,CD_1_saida,C_16,3,0,99,0,63,90
transporte,CD_1_saida,C_16,4,0,131,0,78,32
transporte,CD_1_saida,C_16,5,0,100,0,98,41
transporte,CD_1_saida,C_16,6,0,97,0,33,70
transporte,CD_1_saida,C_16,7,0,57,0,63,21
transporte,CD_1_saida,C_16,8,0,171,0,31,58
transporte,CD_1_saida,C_16,9,0,124,0,51,22
transporte,CD_1_saida,C_17,0,0,141,0,43,74
transporte,CD_1_saida,C_17,1,0,141,0,28,54
transporte,CD_1_saida,C_17,2,0,132,0,22,66
transporte,CD_1_saida,C_17,3,0,138,0,59,21
transporte,CD_1_saida,C_17,4,0,125,0,98,84
transporte,CD_1_saida,C_17,5,0,76,0,86,72
transporte,CD_1_saida,C_17,6,0,119,0,59,23
transporte,CD_1_saida,C_17,7,0,175,0,101,67
transporte,CD_1_saida,C_17,8,0,152,0,102,54
transporte,CD_1_saida,C_17,9,0,109,0,45,15
transporte,CD_1_saida,C_18,0,0,44,0,94,52
transporte,CD_1_saida,C_18,1,0,105,0,96,30
transporte,CD_1_saida,C_18,2,0,97,0,51,87
transporte,CD_1_saida,C_18,3,0,162,0,24,34
transporte,CD_1_saida,C_18,4,0,113,0,46,49
transporte,CD_1_saida,C_18,5,0,101,0,76,90
transporte,CD_1_saida,C_18,6,0,178,0,94,56
transporte,CD_1_saida,C_18,7,0,138,0,78,47
transporte,CD_1_saida,C_18,8,0,108,0,60,97
transporte,CD_1_saida,C_18,9,0,111,0,24,18
transporte,CD_1_saida,C_19,0,0,98,0,80,89
transporte,CD_1_saida,C_19,1,0,126,0,57,43
transporte,CD_1_saida,C_19,2,0,49,0,41,20
transporte,CD_1_saida,C_19,3,0,32,0,68,35
transporte,CD_1_saida,C_19,4,0,115,0,75,50
transporte,CD_1_saida,C_19,5,0,114,0,52,67
transporte,CD_1_saida,C_19,6,0,73,0,51,31
transporte,CD_1_saida,C_19,7,0,124,0,51,90
transporte,CD_1_saida,C_19,8,0,73,0,79,77
transporte,CD_1_saida,C_19,9,0,50,0,102,62
transporte,CD_2_saida,C_0,0,0,99,0,87,39
transporte,CD_2_saida,C_0,1,0,130,0,89,70
transporte,CD_2_saida,C_0,2,0,123,0,64,11
transporte,CD_2_saida,C_0,3,0,85,0,95,17
transporte,CD_2_saida,C_0,4,0,152,0,87,36
transporte,CD_2_saida,C_0,5,0,92,0,79,92
transporte,CD_2_saida,C_0,6,0,109,0,21,64
transporte,CD_2_saida,C_0,7,0,116,0,50,32
transporte,CD_2_saida,C_0,8,0,73,0,85,93
transporte,CD_2_saida,C_0,9,0,180,0,72,19
transporte,CD_2_saida,C_1,0,0,49,0,107,57
transporte,CD_2_saida,C_1,1,0,58,0,34,98
transporte,CD_2_saida,C_1,2,0,79,0,89,75
transporte,CD_2_saida,C_1,3,0,53,0,38,43
transporte,CD_2_saida,C_1,4,0,138,0,85,46
transporte,CD_2_saida,C_1,5,0,154,0,61,48
transporte,CD_2_saida,C_1,6,0,110,0,56,24
transporte,CD_2_saida,C_1,7,0,110,0,44,56
transporte,CD_2_saida,C_1,8,0,78,0,63,20
transporte,CD_2_saida,C_1,9,0,64,0,25,77
transporte,CD_2_saida,C_2,0,0,98,0,52,58
transporte,CD_2_saida,C_2,1,0,153,0,58,17
transporte,CD_2_saida,C_2,2,0,84,0,84,89
transporte,CD_2_saida,C_2,3,0,132,0,88,53
transporte,CD_2_saida,C_2,4,0,32,0,50,30
transporte,CD_2_saida,C_2,5,0,71,0,56,46
transporte,CD_2_saida,C_2,6,0,82,0,83,92
transporte,CD_2_saida,C_2,7,0,162,0,108,36
transporte,CD_2_saida,C_2,8,0,81,0,86,75
transporte,CD_2_saida,C_2,9,0,96,0,39,87
transporte,CD_2_saida,C_3,0,0,53,0,81,67
transporte,CD_2_saida,C_3,1,0,98,0,87,99
transporte,CD_2_saida,C_3,2,0,136,0,113,24
transporte,CD_2_saida,C_3,3,0,98,0,36,49
transporte,CD_2_saida,C_3,4,0,68,0,71,12
transporte,CD_2_saida,C_3,5,0,144,0,73,82
transporte,CD_2_saida,C_3,6,0,117,0,97,30
transporte,CD_2_saida,C_3,7,0,103,0,106,71
transporte,CD_2_saida,C_3,8,0,108,0,25,91
transporte,CD_2_saida,C_3,9,0,148,0,31,11
transporte,CD_2_saida,C_4,0,0,143,0,32,57
transporte,CD_2_saida,C_4,1,0,86,0,50,94
transporte,CD_2_saida,C_4,2,0,111,0,66,76
transporte,CD_2_saida,C_4,3,0,110,0,114,33
transporte,CD_2_saida,C_4,4,0,85,0,28,72
transporte,CD_2_saida,C_4,5,0,46,0,107,17
transporte,CD_2_saida,C_4,6,0,143,0,21,61
transporte,CD_2_saida,C_4,7,0,84,0,48,50
transporte,CD_2_saida,C_4,8,0,93,0,70,71
transporte,CD_2_saida,C_4,9,0,88,0,91,57
transporte,CD_2_saida,C_5,0,0,124,0,88,84
transporte,CD_2_saida,C_5,1,0,81,0,28,24
transporte,CD_2_saida,C_5,2,0,130,0,45,32
transporte,CD_2_saida,C_5,3,0,102,0,86,38
transporte,CD_2_saida,C_5,4,0,72,0,37,40
transporte,CD_2_saida,C_5,5,0,96,0,50,36
transporte,CD_2_saida,C_5,6,0,150,0,52,18
transporte,CD_2_saida,C_5,7,0,153,0,91,56
transporte,CD_2_saida,C_5,8,0,126,0,86,12
transporte,CD_2_saida,C_5,9,0,112,0,32,96
transporte,CD_2_saida,C_6,0,0,139,0,51,22
transporte,CD_2_saida,C_6,1,0,102,0,28,38
transporte,CD_2_saida,C_6,2,0,45,0,32,51
transporte,CD_2_saida,C_6,3,0,116,0,63,45
transporte,CD_2_saida,C_6,4,0,169,0,103,60
transporte,CD_2_saida,C_6,5,0,144,0,57,46
transporte,CD_2_saida,C_6,6,0,186,0,51,62
transporte,CD_2_saida,C_6,7,0,66,0,91,24
transporte,CD_2_saida,C_6,8,0,176,0,58,87
transporte,CD_2_saida,C_6,9,0,56,0,15,81
transporte,CD_2_saida,C_7,0,0,193,0,105,48
transporte,CD_2_saida,C_7,1,0,82,0,73,18
transporte,CD_2_saida,C_7,2,0,79,0,37,13
transporte,CD_2_saida,C_7,3,0,121,0,56,51
transporte,CD_2_saida,C_7,4,0,127,0,23,80
transporte,CD_2_saida,C_7,5,0,74,0,29,59
transporte,CD_2_saida,C_7,6,0,109,0,88,79
transporte,CD_2_saida,C_7,7,0,177,0,56,57
transporte,CD_2_saida,C_7,8,0,125,0,77,15
transporte,CD_2_saida,C_7,9,0,88,0,22,84
transporte,CD_2_saida,C_8,0,0,121,0,37,97
transporte,CD_2_saida,C_8,1,0,54,0,86,41
transporte,CD_2_saida,C_8,2,0,133,0,67,28
transporte,CD_2_saida,C_8,3,0,45,0,92,47
transporte,CD_2_saida,C_8,4,0,145,0,21,48
transporte,CD_2_saida,C_8,5,0,44,0,86,92
transporte,CD_2_saida,C_8,6,0,189,0,46,34
transporte,CD_2_saida,C_8,7,0,86,0,43,33
transporte,CD_2_saida,C_8,8,0,162,0,59,40
transporte,CD_2_saida,C_8,9,0,103,0,28,47
transporte,CD_2_saida,C_9,0,0,117,0,104,72
transporte,CD_2_saida,C_9,1,0,110,0,84,39
transporte,CD_2_saida,C_9,2,0,143,0,34,91
transporte,CD_2_saida,C_9,3,0,139,0,44,86
transporte,CD_2_saida,C_9,4,0,112,0,88,92
transporte,CD_2_saida,C_9,5,0,117,0,37,49
transporte,CD_2_saida,C_9,6,0,55,0,26,40
transporte,CD_2_saida,C_9,7,0,120,0,33,21
transporte,CD_2_saida,C_9,8,0,47,0,20,24
transporte,CD_2_saida,C_9,9,0,48,0,105,39
transporte,CD_2_saida,C_10,0,0,42,0,56,80
transporte,CD_2_saida,C_10,1,0,147,0,87,97
transporte,CD_2_saida,C_10,2,0,78,0,84,46
transporte,CD_2_saida,C_10,3,0,94,0,71,85
transporte,CD_2_saida,C_10,4,0,124,0,37,39
transporte,CD_2_saida,C_10,5,0,124,0,31,72
transporte,CD_2_saida,C_10,6,0,130,0,56,51
transporte,CD_2_saida,C_10,7,0,116,0,107,18
transporte,CD_2_saida,C_10,8,0,77,0,104,39
transporte,CD_2_saida,C_10,9,0,158,0,57,20
transporte,CD_2_saida,C_11,0,0,56,0,67,45
transporte,CD_2_saida,C_11,1,0,97,0,42,24
transporte,CD_2_saida,C_11,2,0,76,0,107,65
transporte,CD_2_saida,C_11,3,0,54,0,54,86
transporte,CD_2_saida,C_11,4,0,45,0,27,10
transporte,CD_2_saida,C_11,5,0,163,0,65,29
transporte,CD_2_saida,C_11,6,0,133,0,86,80
transporte,CD_2_saida,C_11,7,0,78,0,88,59
transporte,CD_2_saida,C_11,8,0,144,0,99,81
transporte,CD_2_saida,C_11,9,0,107,0,44,76
transporte,CD_2_saida,C_12,0,0,75,0,95,20
transporte,CD_2_saida,C_12,1,0,107,0,104,56
transporte,CD_2_saida,C_12,2,0,114,0,34,33
transporte,CD_2_saida,C_12,3,0,41,0,68,11
transporte,CD_2_saida,C_12,4,0,67,0,77,32
transporte,CD_2_saida,C_12,5,0,101,0,96,70
transporte,CD_2_saida,C_12,6,0,48,0,69,61
transporte,CD_2_saida,C_12,7,0,90,0,110,74
transporte,CD_2_saida,C_12,8,0,160,0,57,58
transporte,CD_2_saida,C_12,9,0,130,0,53,29
transporte,CD_2_saida,C_13,0,0,152,0,50,96
transporte,CD_2_saida,C_13,1,0,20,0,101,94
transporte,CD_2_saida,C_13,2,0,70,0,46,87
transporte,CD_2_saida,C_13,3,0,92,0,76,66
transporte,CD_2_saida,C_13,4,0,79,0,21,34
transporte,CD_2_saida,C_13,5,0,104,0,108,89
transporte,CD_2_saida,C_13,6,0,147,0,62,57
transporte,CD_2_saida,C_13,7,0,59,0,31,57
transporte,CD_2_saida,C_13,8,0,88,0,94,17
transporte,CD_2_saida,C_13,9,0,162,0,39,11
transporte,CD_2_saida,C_14,0,0,83,0,84,63
transporte,CD_2_saida,C_14,1,0,146,0,55,26
transporte,CD_2_saida,C_14,2,0,79,0,39,63
transporte,CD_2_saida,C_14,3,0,189,0,66,73
transporte,CD_2_saida,C_14,4,0,111,0,42,28
transporte,CD_2_saida,C_14,5,0,119,0,99,32
transporte,CD_2_saida,C_14,6,0,134,0,28,61
transporte,CD_2_saida,C_14,7,0,124,0,87,50
transporte,CD_2_saida,C_14,8,0,130,0,27,71
transporte,CD_2_saida,C_14,9,0,108,0,55,34
transporte,CD_2_saida,C_15,0,0,64,0,97,78
transporte,CD_2_saida,C_15,1,0,94,0,88,75
transporte,CD_2_saida,C_15,2,0,169,0,48,76
transporte,CD_2_saida,C_15,3,0,36,0,39,89
transporte,CD_2_saida,C_15,4,0,61,0,75,18
transporte,CD_2_saida,C_15,5,0,158,0,69,96
transporte,CD_2_saida,C_15,6,0,99,0,67,77
transporte,CD_2_saida,C_15,7,0,99,0,19,93
transporte,CD_2_saida,C_15,8,0,113,0,86,74
transporte,CD_2_saida,C_15,9,0,122,0,52,83
transporte,CD_2_saida,C_16,0,0,69,0,28,98
transporte,CD_2_saida,C_16,1,0,152,0,20,52
transporte,CD_2_saida,C_16,2,0,151,0,89,79
transporte,CD_2_saida,C_16,3,0,87,0,42,93
transporte,CD_2_saida,C_16,4,0,187,0,26,88
transporte,CD_2_saida,C_16,5,0,116,0,63,72
transporte,CD_2_saida,C_16,6,0,75,0,53,39
transporte,CD_2_saida,C_16,7,0,111,0,86,23
transporte,CD_2_saida,C_16,8,0,84,0,29,50
transporte,CD_2_saida,C_16,9,0,121,0,18,73
transporte,CD_2_saida,C_17,0,0,129,0,58,69
transporte,CD_2_saida,C_17,1,0,80,0,42,66
transporte,CD_2_saida,C_17,2,0,140,0,43,37
transporte,CD_2_saida,C_17,3,0,153,0,45,52
transporte,CD_2_saida,C_17,4,0,178,0,30,13
transporte,CD_2_saida,C_17,5,0,64,0,51,58
transporte,CD_2_saida,C_17,6,0,195,0,26,69
transporte,CD_2_saida,C_17,7,0,130,0,32,88
transporte,CD_2_saida,C_17,8,0,134,0,109,79
transporte,CD_2_saida,C_17,9,0,132,0,76,98
transporte,CD_2_saida,C_18,0,0,56,0,27,45
transporte,CD_2_saida,C_18,1,0,121,0,58,33
transporte,CD_2_saida,C_18,2,0,86,0,49,50
transporte,CD_2_saida,C_18,3,0,103,0,27,37
transporte,CD_2_saida,C_18,4,0,147,0,63,86
transporte,CD_2_saida,C_18,5,0,31,0,62,58
transporte,CD_2_saida,C_18,6,0,97,0,64,92
transporte,CD_2_saida,C_18,7,0,86,0,35,56
transporte,CD_2_saida,C_18,8,0,62,0,99,38
transporte,CD_2_saida,C_18,9,0,49,0,46,11
transporte,CD_2_saida,C_19,0,0,162,0,84,37
transporte,CD_2_saida,C_19,1,0,187,0,80,96
transporte,CD_2_saida,C_19,2,0,36,0,28,93
transporte,CD_2_saida,C_19,3,0,113,0,78,55
transporte,CD_2_saida,C_19,4,0,107,0,53,62
transporte,CD_2_saida,C_19,5,0,95,0,47,53
transporte,CD_2_saida,C_19,6,0,114,0,55,99
transporte,CD_2_saida,C_19,7,0,91,0,43,54
transporte,CD_2_saida,C_19,8,0,98,0,32,35
transporte,CD_2_saida,C_19,9,0,103,0,42,59
transporte,CD_3_saida,C_0,0,0,186,0,17,35
transporte,CD_3_saida,C_0,1,0,149,0,29,59
transporte,CD_3_saida,C_0,2,0,176,0,75,33
transporte,CD_3_saida,C_0,3,0,93,0,76,93
transporte,CD_3_saida,C_0,4,0,106,0,107,32
transporte,CD_3_saida,C_0,5,0,126,0,79,11
transporte,CD_3_saida,C_0,6,0,160,0,81,99
transporte,CD_3_saida,C_0,7,0,126,0,92,12
transporte,CD_3_saida,C_0,8,0,127,0,31,67
transporte,CD_3_saida,C_0,9,0,167,0,97,97
transporte,CD_3_saida,C_1,0,0,56,0,40,20
transporte,CD_3_saida,C_1,1,0,108,0,20,27
transporte,CD_3_saida,C_1,2,0,93,0,82,36
transporte,CD_3_saida,C_1,3,0,91,0,64,16
transporte,CD_3_saida,C_1,4,0,28,0,79,31
transporte,CD_3_saida,C_1,5,0,159,0,41,63
transporte,CD_3_saida,C_1,6,0,98,0,40,27
transporte,CD_3_saida,C_1,7,0,120,0,33,62
transporte,CD_3_saida,C_1,8,0,102,0,84,48
transporte,CD_3_saida,C_1,9,0,94,0,62,20
transporte,CD_3_saida,C_2,0,0,121,0,36,89
transporte,CD_3_saida,C_2,1,0,132,0,30,78
transporte,CD_3_saida,C_2,2,0,119,0,46,76
transporte,CD_3_saida,C_2,3,0,165,0,47,83
transporte,CD_3_saida,C_2,4,0,94,0,51,56
transporte,CD_3_saida,C_2,5,0,46,0,43,93
transporte,CD_3_saida,C_2,6,0,95,0,30,30
transporte,CD_3_saida,C_2,7,0,40,0,69,85
transporte,CD_3_saida,C_2,8,0,73,0,108,45
transporte,CD_3_saida,C_2,9,0,48,0,88,56
transporte,CD_3_saida,C_3,0,0,110,0,99,92
transporte,CD_3_saida,C_3,1,0,185,0,55,74
transporte,CD_3_saida,C_3,2,0,192,0,18,60
transporte,CD_3_saida,C_3,3,0,135,0,100,10
transporte,CD_3_saida,C_3,4,0,166,0,100,89
transporte,CD_3_saida,C_3,5,0,162,0,33,43
transporte,CD_3_saida,C_3,6,0,150,0,102,45
transporte,CD_3_saida,C_3,7,0,109,0,110,73
transporte,CD_3_saida,C_3,8,0,90,0,87,55
transporte,CD_3_saida,C_3,9,0,142,0,104,31
transporte,CD_3_saida,C_4,0,0,74,0,65,51
transporte,CD_3_saida,C_4,1,0,132,0,82,41
transporte,CD_3_saida,C_4,2,0,121,0,93,22
transporte,CD_3_saida,C_4,3,0,21,0,52,87
transporte,CD_3_saida,C_4,4,0,81,0,30,42
transporte,CD_3_saida,C_4,5,0,42,0,95,88
transporte,CD_3_saida,C_4,6,0,129,0,70,77
transporte,CD_3_saida,C_4,7,0,92,0,79,32
transporte,CD_3_saida,C_4,8,0,54,0,39,31
transporte,CD_3_saida,C_4,9,0,72,0,104,88
transporte,CD_3_saida,C_5,0,0,134,0,64,14
transporte,CD_3_saida,C_5,1,0,147,0,55,89
transporte,CD_3_saida,C_5,2,0,63,0,86,84
transporte,CD_3_saida,C_5,3,0,106,0,84,90
transporte,CD_3_saida,C_5,4,0,163,0,70,95
transporte,CD_3_saida,C_5,5,0,52,0,44,99
transporte,CD_3_saida,C_5,6,0,123,0,48,57
transporte,CD_3_saida,C_5,7,0,158,0,81,80
transporte,CD_3_saida,C_5,8,0,62,0,48,25
transporte,CD_3_saida,C_5,9,0,74,0,21,40
transporte,CD_3_saida,C_6,0,0,135,0,90,99
transporte,CD_3_saida,C_6,1,0,118,0,76,22
transporte,CD_3_saida,C_6,2,0,35,0,42,44
transporte,CD_3_saida,C_6,3,0,51,0,68,12
transporte,CD_3_saida,C_6,4,0,110,0,42,91
transporte,CD_3_saida,C_6,5,0,47,0,64,62
transporte,CD_3_saida,C_6,6,0,111,0,65,41
transporte,CD_3_saida,C_6,7,0,126,0,31,49
transporte,CD_3_saida,C_6,8,0,115,0,29,33
transporte,CD_3_saida,C_6,9,0,49,0,29,32
transporte,CD_3_saida,C_7,0,0,101,0,48,89
transporte,CD_3_saida,C_7,1,0,67,0,88,34
transporte,CD_3_saida,C_7,2,0,161,0,44,56
transporte,CD_3_saida,C_7,3,0,106,0,68,11
transporte,CD_3_saida,C_7,4,0,107,0,81,69
transporte,CD_3_saida,C_7,5,0,119,0,50,17
transporte,CD_3_saida,C_7,6,0,105,0,53,34
transporte,CD_3_saida,C_7,7,0,108,0,64,73
transporte,CD_3_saida,C_7,8,0,165,0,55,95
transporte,CD_3_saida,C_7,9,0,94,0,20,69
transporte,CD_3_saida,C_8,0,0,71,0,79,19
transporte,CD_3_saida,C_8,1,0,94,0,97,41
transporte,CD_3_saida,C_8,2,0,149,0,22,82
transporte,CD_3_saida,C_8,3,0,133,0,87,56
transporte,CD_3_saida,C_8,4,0,120,0,50,47
transporte,CD_3_saida,C_8,5,0,106,0,74,37
transporte,CD_3_saida,C_8,6,0,39,0,57,27
transporte,CD_3_saida,C_8,7,0,100,0,88,21
transporte,CD_3_saida,C_8,8,0,95,0,82,39
transporte,CD_3_saida,C_8,9,0,51,0,75,19
transporte,CD_3_saida,C_9,0,0,102,0,38,95
transporte,CD_3_saida,C_9,1,0,131,0,96,48
transporte,CD_3_saida,C_9,2,0,90,0,39,58
transporte,CD_3_saida,C_9,3,0,71,0,91,73
transporte,CD_3_saida,C_9,4,0,97,0,45,17
transporte,CD_3_saida,C_9,5,0,75,0,99,64
transporte,CD_3_saida,C_9,6,0,162,0,36,64
transporte,CD_3_saida,C_9,7,0,58,0,17,35
transporte,CD_3_saida,C_9,8,0,47,0,47,84
transporte,CD_3_saida,C_9,9,0,75,0,35,99
transporte,CD_3_saida,C_10,0,0,69,0,78,61
transporte,CD_3_saida,C_10,1,0,115,0,90,46
transporte,CD_3_saida,C_10,2,0,51,0,76,17
transporte,CD_3_saida,C_10,3,0,73,0,18,58
transporte,CD_3_saida,C_10,4,0,149,0,36,88
transporte,CD_3_saida,C_10,5,0,87,0,94,25
transporte,CD_3_saida,C_10,6,0,104,0,38,92
transporte,CD_3_saida,C_10,7,0,42,0,21,28
transporte,CD_3_saida,C_10,8,0,107,0,110,85
transporte,CD_3_saida,C_10,9,0,104,0,50,58
transporte,CD_3_saida,C_11,0,0,110,0,35,57
transporte,CD_3_saida,C_11,1,0,72,0,52,69
transporte,CD_3_saida,C_11,2,0,134,0,110,32
transporte,CD_3_saida,C_11,3,0,88,0,92,53
transporte,CD_3_saida,C_11,4,0,98,0,22,52
transporte,CD_3_saida,C_11,5,0,76,0,60,83
transporte,CD_3_saida,C_11,6,0,98,0,94,44
transporte,CD_3_saida,C_11,7,0,128,0,77,14
transporte,CD_3_saida,C_11,8,0,81,0,103,77
transporte,CD_3_saida,C_11,9,0,149,0,20,82
transporte,CD_3_saida,C_12,0,0,138,0,67,26
transporte,CD_3_saida,C_12,1,0,133,0,82,61
transporte,CD_3_saida,C_12,2,0,95,0,41,43
transporte,CD_3_saida,C_12,3,0,148,0,63,80
transporte,CD_3_saida,C_12,4,0,133,0,74,36
transporte,CD_3_saida,C_12,5,0,161,0,49,11
transporte,CD_3_saida,C_12,6,0,132,0,30,63
transporte,CD_3_saida,C_12,7,0,142,0,93,95
transporte,CD_3_saida,C_12,8,0,70,0,63,37
transporte,CD_3_saida,C_12,9,0,88,0,95,47
transporte,CD_3_saida,C_13,0,0,71,0,22,20
transporte,CD_3_saida,C_13,1,0,160,0,64,17
transporte,CD_3_saida,C_13,2,0,69,0,84,48
transporte,CD_3_saida,C_13,3,0,89,0,20,47
transporte,CD_3_saida,C_13,4,0,154,0,70,37
transporte,CD_3_saida,C_13,5,0,72,0,74,14
transporte,CD_3_saida,C_13,6,0,174,0,79,62
transporte,CD_3_saida,C_13,7,0,154,0,103,56
transporte,CD_3_saida,C_13,8,0,164,0,35,83
transporte,CD_3_saida,C_13,9,0,82,0,32,89
transporte,CD_3_saida,C_14,0,0,81,0,86,94
transporte,CD_3_saida,C_14,1,0,128,0,60,35
transporte,CD_3_saida,C_14,2,0,49,0,97,14
transporte,CD_3_saida,C_14,3,0,129,0,65,39
transporte,CD_3_saida,C_14,4,0,87,0,85,58
transporte,CD_3_saida,C_14,5,0,108,0,44,55
transporte,CD_3_saida,C_14,6,0,102,0,62,84
transporte,CD_3_saida,C_14,7,0,127,0,57,82
transporte,CD_3_saida,C_14,8,0,168,0,48,50
transporte,CD_3_saida,C_14,9,0,67,0,84,91
transporte,CD_3_saida,C_15,0,0,68,0,26,20
transporte,CD_3_saida,C_15,1,0,124,0,39,80
transporte,CD_3_saida,C_15,2,0,146,0,83,96
transporte,CD_3_saida,C_15,3,0,43,0,92,27
transporte,CD_3_saida,C_15,4,0,169,0,71,20
transporte,CD_3_saida,C_15,5,0,88,0,36,17
transporte,CD_3_saida,C_15,6,0,69,0,43,52
transporte,CD_3_saida,C_15,7,0,73,0,98,89
transporte,CD_3_saida,C_15,8,0,69,0,21,50
transporte,CD_3_saida,C_15,9,0,85,0,69,55
transporte,CD_3_saida,C_16,0,0,102,0,31,38
transporte,CD_3_saida,C_16,1,0,72,0,52,33
transporte,CD_3_saida,C_16,2,0,112,0,64,16
transporte,CD_3_saida,C_16,3,0,166,0,34,22
transporte,CD_3_saida,C_16,4,0,100,0,28,61
transporte,CD_3_saida,C_16,5,0,100,0,50,83
transporte,CD_3_saida,C_16,6,0,49,0,71,87
transporte,CD_3_saida,C_16,7,0,105,0,73,69
transporte,CD_3_saida,C_16,8,0,150,0,39,74
transporte,CD_3_saida,C_16,9,0,141,0,105,35
transporte,CD_3_saida,C_17,0,0,84,0,112,54
transporte,CD_3_saida,C_17,1,0,189,0,65,46
transporte,CD_3_saida,C_17,2,0,85,0,82,88
transporte,CD_3_saida,C_17,3,0,76,0,53,93
transporte,CD_3_saida,C_17,4,0,70,0,61,34
transporte,CD_3_saida,C_17,5,0,113,0,80,76
transporte,CD_3_saida,C_17,6,0,183,0,79,53
transporte,CD_3_saida,C_17,7,0,88,0,70,38
transporte,CD_3_saida,C_17,8,0,94,0,43,93
transporte,CD_3_saida,C_17,9,0,97,0,32,88
transporte,CD_3_saida,C_18,0,0,112,0,87,19
transporte,CD_3_saida,C_18,1,0,107,0,87,65
transporte,CD_3_saida,C_18,2,0,138,0,82,20
transporte,CD_3_saida,C_18,3,0,99,0,57,93
transporte,CD_3_saida,C_18,4,0,64,0,18,81
transporte,CD_3_saida,C_18,5,0,88,0,69,15
transporte,CD_3_saida,C_18,6,0,180,0,70,56
transporte,CD_3_saida,C_18,7,0,101,0,102,48
transporte,CD_3_saida,C_18,8,0,98,0,88,24
transporte,CD_3_saida,C_18,9,0,157,0,103,56
transporte,CD_3_saida,C_19,0,0,63,0,78,31
transporte,CD_3_saida,C_19,1,0,95,0,45,88
transporte,CD_3_saida,C_19,2,0,151,0,21,78
transporte,CD_3_saida,C_19,3,0,64,0,18,41
transporte,CD_3_saida,C_19,4,0,121,0,43,15
transporte,CD_3_saida,C_19,5,0,61,0,79,83
transporte,CD_3_saida,C_19,6,0,105,0,83,57
transporte,CD_3_saida,C_19,7,0,112,0,102,87
transporte,CD_3_saida,C_19,8,0,92,0,23,31
transporte,CD_3_saida,C_19,9,0,118,0,89,47
transporte,CD_4_saida,C_0,0,0,97,0,106,97
transporte,CD_4_saida,C_0,1,0,76,0,89,20
transporte,CD_4_saida,C_0,2,0,111,0,84,98
transporte,CD_4_saida,C_0,3,0,111,0,35,75
transporte,CD_4_saida,C_0,4,0,131,0,98,21
transporte,CD_4_saida,C_0,5,0,100,0,87,86
transporte,CD_4_saida,C_0,6,0,109,0,59,61
transporte,CD_4_saida,C_0,7,0,91,0,56,24
transporte,CD_4_saida,C_0,8,0,106,0,106,78
transporte,CD_4_saida,C_0,9,0,90,0,94,25
transporte,CD_4_saida,C_1,0,0,82,0,22,66
transporte,CD_4_saida,C_1,1,0,89,0,38,10
transporte,CD_4_saida,C_1,2,0,192,0,60,55
transporte,CD_4_saida,C_1,3,0,136,0,82,77
transporte,CD_4_saida,C_1,4,0,128,0,99,40
transporte,CD_4_saida,C_1,5,0,46,0,84,34
transporte,CD_4_saida,C_1,6,0,101,0,54,27
transporte,CD_4_saida,C_1,7,0,88,0,111,41
transporte,CD_4_saida,C_1,8,0,84,0,70,78
transporte,CD_4_saida,C_1,9,0,126,0,102,59
transporte,CD_4_saida,C_2,0,0,139,0,84,78
transporte,CD_4_saida,C_2,1,0,118,0,49,78
transporte,CD_4_saida,C_2,2,0,118,0,61,52
transporte,CD_4_saida,C_2,3,0,151,0,73,76
transporte,CD_4_saida,C_2,4,0,161,0,37,40
transporte,CD_4_saida,C_2,5,0,109,0,47,21
transporte,CD_4_saida,C_2,6,0,112,0,49,87
transporte,CD_4_saida,C_2,7,0,116,0,67,94
transporte,CD_4_saida,C_2,8,0,178,0,89,98
transporte,CD_4_saida,C_2,9,0,33,0,32,55
transporte,CD_4_saida,C_3,0,0,149,0,60,56
transporte,CD_4_saida,C_3,1,0,155,0,103,26
transporte,CD_4_saida,C_3,2,0,36,0,71,52
transporte,CD_4_saida,C_3,3,0,152,0,100,21
transporte,CD_4_saida,C_3,4,0,176,0,51,38
transporte,CD_4_saida,C_3,5,0,103,0,46,51
transporte,CD_4_saida,C_3,6,0,140,0,19,75
transporte,CD_4_saida,C_3,7,0,64,0,66,52
transporte,CD_4_saida,C_3,8,0,65,0,98,83
transporte,CD_4_saida,C_3,9,0,90,0,89,97
transporte,CD_4_saida,C_4,0,0,95,0,48,96
transporte,CD_4_saida,C_4,1,0,151,0,95,48
transporte,CD_4_saida,C_4,2,0,140,0,74,61
transporte,CD_4_saida,C_4,3,0,81,0,76,11
transporte,CD_4_saida,C_4,4,0,71,0,53,71
transporte,CD_4_saida,C_4,5,0,120,0,48,32
transporte,CD_4_saida,C_4,6,0,117,0,43,72
transporte,CD_4_saida,C_4,7,0,135,0,97,29
transporte,CD_4_saida,C_4,8,0,131,0,35,81
transporte,CD_4_saida,C_4,9,0,119,0,48,83
transporte,CD_4_saida,C_5,0,0,150,0,82,16
transporte,CD_4_saida,C_5,1,0,143,0,71,31
transporte,CD_4_saida,C_5,2,0,107,0,88,81
transporte,CD_4_saida,C_5,3,0,95,0,40,92
transporte,CD_4_saida,C_5,4,0,143,0,91,92
transporte,CD_4_saida,C_5,5,0,101,0,70,50
transporte,CD_4_saida,C_5,6,0,130,0,19,38
transporte,CD_4_saida,C_5,7,0,50,0,56,81
transporte,CD_4_saida,C_5,8,0,64,0,95,30
transporte,CD_4_saida,C_5,9,0,100,0,26,40
transporte,CD_4_saida,C_6,0,0,45,0,23,66
transporte,CD_4_saida,C_6,1,0,47,0,72,61
transporte,CD_4_saida,C_6,2,0,142,0,68,61
transporte,CD_4_saida,C_6,3,0,96,0,96,20
transporte,CD_4_saida,C_6,4,0,71,0,107,42
transporte,CD_4_saida,C_6,5,0,51,0,93,72
transporte,CD_4_saida,C_6,6,0,127,0,67,31
transporte,CD_4_saida,C_6,7,0,132,0,95,84
transporte,CD_4_saida,C_6,8,0,37,0,102,80
transporte,CD_4_saida,C_6,9,0,131,0,72,99
transporte,CD_4_saida,C_7,0,0,85,0,99,42
transporte,CD_4_saida,C_7,1,0,171,0,41,18
transporte,CD_4_saida,C_7,2,0,53,0,52,46
transporte,CD_4_saida,C_7,3,0,110,0,104,55
transporte,CD_4_saida,C_7,4,0,149,0,44,72
transporte,CD_4_saida,C_7,5,0,155,0,61,81
transporte,CD_4_saida,C_7,6,0,74,0,26,36
transporte,CD_4_saida,C_7,7,0,161,0,20,20
transporte,CD_4_saida,C_7,8,0,122,0,29,91
transporte,CD_4_saida,C_7,9,0,138,0,83,46
transporte,CD_4_saida,C_8,0,0,63,0,56,19
transporte,CD_4_saida,C_8,1,0,148,0,46,69
transporte,CD_4_saida,C_8,2,0,123,0,86,92
transporte,CD_4_saida,C_8,3,0,70,0,63,36
transporte,CD_4_saida,C_8,4,0,92,0,42,47
transporte,CD_4_saida,C_8,5,0,66,0,46,15
transporte,CD_4_saida,C_8,6,0,108,0,25,60
transporte,CD_4_saida,C_8,7,0,48,0,69,60
transporte,CD_4_saida,C_8,8,0,152,0,94,66
transporte,CD_4_saida,C_8,9,0,121,0,80,21
transporte,CD_4_saida,C_9,0,0,31,0,77,24
transporte,CD_4_saida,C_9,1,0,79,0,83,87
transporte,CD_4_saida,C_9,2,0,40,0,17,87
transporte,CD_4_saida,C_9,3,0,94,0,74,86
transporte,CD_4_saida,C_9,4,0,125,0,37,96
transporte,CD_4_saida,C_9,5,0,160,0,75,70
transporte,CD_4_saida,C_9,6,0,161,0,32,57
transporte,CD_4_saida,C_9,7,0,165,0,111,62
transporte,CD_4_saida,C_9,8,0,134,0,71,10
transporte,CD_4_saida,C_9,9,0,122,0,111,43
transporte,CD_4_saida,C_10,0,0,73,0,54,56
transporte,CD_4_saida,C_10,1,0,100,0,88,94
transporte,CD_4_saida,C_10,2,0,83,0,61,26
transporte,CD_4_saida,C_10,3,0,98,0,81,68
transporte,CD_4_saida,C_10,4,0,30,0,33,25
transporte,CD_4_saida,C_10,5,0,45,0,94,82
transporte,CD_4_saida,C_10,6,0,150,0,31,57
transporte,CD_4_saida,C_10,7,0,71,0,101,98
transporte,CD_4_saida,C_10,8,0,96,0,78,58
transporte,CD_4_saida,C_10,9,0,105,0,68,31
transporte,CD_4_saida,C_11,0,0,155,0,28,14
transporte,CD_4_saida,C_11,1,0,183,0,90,44
transporte,CD_4_saida,C_11,2,0,71,0,28,89
transporte,CD_4_saida,C_11,3,0,78,0,108,68
transporte,CD_4_saida,C_11,4,0,177,0,23,83
transporte,CD_4_saida,C_11,5,0,39,0,73,87
transporte,CD_4_saida,C_11,6,0,136,0,39,65
transporte,CD_4_saida,C_11,7,0,149,0,59,87
transporte,CD_4_saida,C_11,8,0,83,0,81,26
transporte,CD_4_saida,C_11,9,0,89,0,28,41
transporte,CD_4_saida,C_12,0,0,97,0,55,20
transporte,CD_4_saida,C_12,1,0,97,0,16,16
transporte,CD_4_saida,C_12,2,0,143,0,72,34
transporte,CD_4_saida,C_12,3,0,134,0,65,79
transporte,CD_4_saida,C_12,4,0,74,0,24,46
transporte,CD_4_saida,C_12,5,0,90,0,52,19
transporte,CD_4_saida,C_12,6,0,158,0,87,63
transporte,CD_4_saida,C_12,7,0,78,0,103,34
transporte,CD_4_saida,C_12,8,0,120,0,106,68
transporte,CD_4_saida,C_12,9,0,116,0,53,72
transporte,CD_4_saida,C_13,0,0,70,0,33,43
transporte,CD_4_saida,C_13,1,0,110,0,100,78
transporte,CD_4_saida,C_13,2,0,120,0,38,71
transporte,CD_4_saida,C_13,3,0,176,0,86,21
transporte,CD_4_saida,C_13,4,0,192,0,25,60
transporte,CD_4_saida,C_13,5,0,103,0,84,87
transporte,CD_4_saida,C_13,6,0,121,0,44,61
transporte,CD_4_saida,C_13,7,0,49,0,89,23
transporte,CD_4_saida,C_13,8,0,99,0,67,83
transporte,CD_4_saida,C_13,9,0,113,0,93,45
transporte,CD_4_saida,C_14,0,0,152,0,65,90
transporte,CD_4_saida,C_14,1,0,131,0,74,90
transporte,CD_4_saida,C_14,2,0,154,0,79,87
transporte,CD_4_saida,C_14,3,0,192,0,84,83
transporte,CD_4_saida,C_14,4,0,24,0,67,74
transporte,CD_4_saida,C_14,5,0,95,0,100,23
transporte,CD_4_saida,C_14,6,0,138,0,43,92
transporte,CD_4_saida,C_14,7,0,153,0,32,21
transporte,CD_4_saida,C_14,8,0,88,0,38,82
transporte,CD_4_saida,C_14,9,0,132,0,61,37
transporte,CD_4_saida,C_15,0,0,108,0,56,86
transporte,CD_4_saida,C_15,1,0,123,0,19,48
transporte,CD_4_saida,C_15,2,0,170,0,33,78
transporte,CD_4_saida,C_15,3,0,119,0,40,60
transporte,CD_4_saida,C_15,4,0,77,0,74,31
transporte,CD_4_saida,C_15,5,0,130,0,101,85
transporte,CD_4_saida,C_15,6,0,61,0,38,16
transporte,CD_4_saida,C_15,7,0,102,0,85,40
transporte,CD_4_saida,C_15,8,0,157,0,31,22
transporte,CD_4_saida,C_15,9,0,104,0,21,70
transporte,CD_4_saida,C_16,0,0,127,0,44,48
transporte,CD_4_saida,C_16,1,0,99,0,104,88
transporte,CD_4_saida,C_16,2,0,168,0,32,54
transporte,CD_4_saida,C_16,3,0,60,0,69,33
transporte,CD_4_saida,C_16,4,0,81,0,42,43
transporte,CD_4_saida,C_16,5,0,104,0,76,71
transporte,CD_4_saida,C_16,6,0,65,0,26,38
transporte,CD_4_saida,C_16,7,0,64,0,34,21
transporte,CD_4_saida,C_16,8,0,60,0,28,13
transporte,CD_4_saida,C_16,9,0,92,0,56,89
transporte,CD_4_saida,C_17,0,0,108,0,68,94
transporte,CD_4_saida,C_17,1,0,102,0,55,45
transporte,CD_4_saida,C_17,2,0,67,0,78,82
transporte,CD_4_saida,C_17,3,0,96,0,75,65
transporte,CD_4_saida,C_17,4,0,171,0,33,46
transporte,CD_4_saida,C_17,5,0,85,0,75,67
transporte,CD_4_saida,C_17,6,0,47,0,54,68
transporte,CD_4_saida,C_17,7,0,75,0,37,45
transporte,CD_4_saida,C_17,8,0,142,0,90,52
transporte,CD_4_saida,C_17,9,0,58,0,43,63
transporte,CD_4_saida,C_18,0,0,87,0,38,27
transporte,CD_4_saida,C_18,1,0,53,0,106,84
transporte,CD_4_saida,C_18,2,0,133,0,59,40
transporte,CD_4_saida,C_18,3,0,127,0,73,95
transporte,CD_4_saida,C_18,4,0,65,0,38,53
transporte,CD_4_saida,C_18,5,0,113,0,57,89
transporte,CD_4_saida,C_18,6,0,109,0,82,26
transporte,CD_4_saida,C_18,7,0,134,0,111,63
transporte,CD_4_saida,C_18,8,0,165,0,85,71
transporte,CD_4_saida,C_18,9,0,133,0,81,65
transporte,CD_4_saida,C_19,0,0,113,0,25,76
transporte,CD_4_saida,C_19,1,0,83,0,28,14
transporte,CD_4_saida,C_19,2,0,81,0,38,84
transporte,CD_4_saida,C_19,3,0,151,0,62,50
transporte,CD_4_saida,C_19,4,0,121,0,92,67
transporte,CD_4_saida,C_19,5,0,81,0,94,96
transporte,CD_4_saida,C_19,6,0,139,0,53,78
transporte,CD_4_saida,C_19,7,0,139,0,36,10
transporte,CD_4_saida,C_19,8,0,95,0,79,10
transporte,CD_4_saida,C_19,9,0,154,0,55,85