i,j,s,b,m,n
F_0_saida,CD_0_entrada,0,103,22,62
F_0_saida,CD_0_entrada,1,171,61,68
F_0_saida,CD_0_entrada,2,72,21,41
F_0_saida,CD_0_entrada,3,108,73,52
F_0_saida,CD_0_entrada,4,144,30,76
F_0_saida,CD_0_entrada,5,142,91,35
F_0_saida,CD_0_entrada,6,112,108,18
F_0_saida,CD_0_entrada,7,81,88,50
F_0_saida,CD_0_entrada,8,115,31,44
F_0_saida,CD_0_entrada,9,49,24,63
F_0_saida,CD_1_entrada,0,115,65,41
F_0_saida,CD_1_entrada,1,62,31,56
F_0_saida,CD_1_entrada,2,111,62,49
F_0_saida,CD_1_entrada,3,120,84,80
F_0_saida,CD_1_entrada,4,154,88,25
F_0_saida,CD_1_entrada,5,149,95,75
F_0_saida,CD_1_entrada,6,107,101,38
F_0_saida,CD_1_entrada,7,133,76,26
F_0_saida,CD_1_entrada,8,20,64,46
F_0_saida,CD_1_entrada,9,95,53,71
F_0_saida,CD_2_entrada,0,110,30,59
F_0_saida,CD_2_entrada,1,74,82,82
F_0_saida,CD_2_entrada,2,79,81,88
F_0_saida,CD_2_entrada,3,181,68,89
F_0_saida,CD_2_entrada,4,141,24,33
F_0_saida,CD_2_entrada,5,88,74,42
F_0_saida,CD_2_entrada,6,117,50,27
F_0_saida,CD_2_entrada,7,101,24,83
F_0_saida,CD_2_entrada,8,90,46,89
F_0_saida,CD_2_entrada,9,163,65,50
F_0_saida,CD_3_entrada,0,148,59,30
F_0_saida,CD_3_entrada,1,167,54,14
F_0_saida,CD_3_entrada,2,152,24,85
F_0_saida,CD_3_entrada,3,68,41,42
F_0_saida,CD_3_entrada,4,64,84,30
F_0_saida,CD_3_entrada,5,62,40,45
F_0_saida,CD_3_entrada,6,82,73,56
F_0_saida,CD_3_entrada,7,125,98,82
F_0_saida,CD_3_entrada,8,116,45,89
F_0_saida,CD_3_entrada,9,114,29,66
F_0_saida,CD_4_entrada,0,177,74,28
F_0_saida,CD_4_entrada,1,77,42,92
F_0_saida,CD_4_entrada,2,118,56,31
F_0_saida,CD_4_entrada,3,105,31,23
F_0_saida,CD_4_entrada,4,108,64,18
F_0_saida,CD_4_entrada,5,104,82,85
F_0_saida,CD_4_entrada,6,56,52,68
F_0_saida,CD_4_entrada,7,107,24,99
F_0_saida,CD_4_entrada,8,104,61,90
F_0_saida,CD_4_entrada,9,46,107,24
F_1_saida,CD_0_entrada,0,163,103,80
F_1_saida,CD_0_entrada,1,49,35,25
F_1_saida,CD_0_entrada,2,151,91,76
F_1_saida,CD_0_entrada,3,150,33,99
F_1_saida,CD_0_entrada,4,78,60,94
F_1_saida,CD_0_entrada,5,45,89,38
F_1_saida,CD_0_entrada,6,107,70,87
F_1_saida,CD_0_entrada,7,190,53,13
F_1_saida,CD_0_entrada,8,161,96,52
F_1_saida,CD_0_entrada,9,157,31,28
F_1_saida,CD_1_entrada,0,103,58,47
F_1_saida,CD_1_entrada,1,88,25,95
F_1_saida,CD_1_entrada,2,112,50,47
F_1_saida,CD_1_entrada,3,66,100,87
F_1_saida,CD_1_entrada,4,71,54,50
F_1_saida,CD_1_entrada,5,136,19,91
F_1_saida,CD_1_entrada,6,152,88,70
F_1_saida,CD_1_entrada,7,115,81,12
F_1_saida,CD_1_entrada,8,167,98,54
F_1_saida,CD_1_entrada,9,175,97,60
F_1_saida,CD_2_entrada,0,104,99,96
F_1_saida,CD_2_entrada,1,101,22,40
F_1_saida,CD_2_entrada,2,157,90,69
F_1_saida,CD_2_entrada,3,161,87,39
F_1_saida,CD_2_entrada,4,133,71,13
F_1_saida,CD_2_entrada,5,94,36,39
F_1_saida,CD_2_entrada,6,105,105,13
F_1_saida,CD_2_entrada,7,94,89,27
F_1_saida,CD_2_entrada,8,101,81,73
F_1_saida,CD_2_entrada,9,33,68,68
F_1_saida,CD_3_entrada,0,142,51,15
F_1_saida,CD_3_entrada,1,45,78,17
F_1_saida,CD_3_entrada,2,36,90,32
F_1_saida,CD_3_entrada,3,146,59,30
F_1_saida,CD_3_entrada,4,142,83,71
F_1_saida,CD_3_entrada,5,93,102,53
F_1_saida,CD_3_entrada,6,46,63,51
F_1_saida,CD_3_entrada,7,37,40,52
F_1_saida,CD_3_entrada,8,67,32,11
F_1_saida,CD_3_entrada,9,85,92,37
F_1_saida,CD_4_entrada,0,128,103,88
F_1_saida,CD_4_entrada,1,155,96,24
F_1_saida,CD_4_entrada,2,71,55,19
F_1_saida,CD_4_entrada,3,87,98,47
F_1_saida,CD_4_entrada,4,146,71,85
F_1_saida,CD_4_entrada,5,154,69,86
F_1_saida,CD_4_entrada,6,129,43,20
F_1_saida,CD_4_entrada,7,134,36,70
F_1_saida,CD_4_entrada,8,58,83,78
F_1_saida,CD_4_entrada,9,132,34,13
F_2_saida,CD_0_entrada,0,115,49,50
F_2_saida,CD_0_entrada,1,71,36,91
F_2_saida,CD_0_entrada,2,134,46,76
F_2_saida,CD_0_entrada,3,58,84,48
F_2_saida,CD_0_entrada,4,105,88,74
F_2_saida,CD_0_entrada,5,111,29,25
F_2_saida,CD_0_entrada,6,149,62,76
F_2_saida,CD_0_entrada,7,57,53,12
F_2_saida,CD_0_entrada,8,99,32,77
F_2_saida,CD_0_entrada,9,89,105,99
F_2_saida,CD_1_entrada,0,118,100,76
F_2_saida,CD_1_entrada,1,132,99,78
F_2_saida,CD_1_entrada,2,99,72,93
F_2_saida,CD_1_entrada,3,137,25,62
F_2_saida,CD_1_entrada,4,108,75,25
F_2_saida,CD_1_entrada,5,89,33,34
F_2_saida,CD_1_entrada,6,95,79,27
F_2_saida,CD_1_entrada,7,179,34,26
F_2_saida,CD_1_entrada,8,114,75,66
F_2_saida,CD_1_entrada,9,106,106,39
F_2_saida,CD_2_entrada,0,72,67,56
F_2_saida,CD_2_entrada,1,127,71,64
F_2_saida,CD_2_entrada,2,81,28,89
F_2_saida,CD_2_entrada,3,119,86,12
F_2_saida,CD_2_entrada,4,123,36,15
F_2_saida,CD_2_entrada,5,142,95,99
F_2_saida,CD_2_entrada,6,131,47,30
F_2_saida,CD_2_entrada,7,131,37,15
F_2_saida,CD_2_entrada,8,105,104,23
F_2_saida,CD_2_entrada,9,142,41,52
F_2_saida,CD_3_entrada,0,119,45,50
F_2_saida,CD_3_entrada,1,175,44,14
F_2_saida,CD_3_entrada,2,150,90,23
F_2_saida,CD_3_entrada,3,123,94,33
F_2_saida,CD_3_entrada,4,100,95,36
F_2_saida,CD_3_entrada,5,167,67,32
F_2_saida,CD_3_entrada,6,77,53,85
F_2_saida,CD_3_entrada,7,81,50,73
F_2_saida,CD_3_entrada,8,145,72,20
F_2_saida,CD_3_entrada,9,97,42,12
F_2_saida,CD_4_entrada,0,154,85,26
F_2_saida,CD_4_entrada,1,73,91,69
F_2_saida,CD_4_entrada,2,99,97,14
F_2_saida,CD_4_entrada,3,92,38,98
F_2_saida,CD_4_entrada,4,143,41,32
F_2_saida,CD_4_entrada,5,47,76,10
F_2_saida,CD_4_entrada,6,78,111,78
F_2_saida,CD_4_entrada,7,107,86,85
F_2_saida,CD_4_entrada,8,186,45,98
F_2_saida,CD_4_entrada,9,144,34,32
F_3_saida,CD_0_entrada,0,72,100,97
F_3_saida,CD_0_entrada,1,87,109,43
F_3_saida,CD_0_entrada,2,144,31,79
F_3_saida,CD_0_entrada,3,134,49,14
F_3_saida,CD_0_entrada,4,62,49,75
F_3_saida,CD_0_entrada,5,113,91,14
F_3_saida,CD_0_entrada,6,139,52,31
F_3_saida,CD_0_entrada,7,110,61,19
F_3_saida,CD_0_entrada,8,115,57,67
F_3_saida,CD_0_entrada,9,181,96,29
F_3_saida,CD_1_entrada,0,128,77,46
F_3_saida,CD_1_entrada,1,100,57,93
F_3_saida,CD_1_entrada,2,177,85,51
F_3_saida,CD_1_entrada,3,80,44,23
F_3_saida,CD_1_entrada,4,72,90,91
F_3_saida,CD_1_entrada,5,116,102,94
F_3_saida,CD_1_entrada,6,114,14,57
F_3_saida,CD_1_entrada,7,127,66,81
F_3_saida,CD_1_entrada,8,75,67,57
F_3_saida,CD_1_entrada,9,149,56,94
F_3_saida,CD_2_entrada,0,114,34,31
F_3_saida,CD_2_entrada,1,104,48,63
F_3_saida,CD_2_entrada,2,65,83,72
F_3_saida,CD_2_entrada,3,114,76,40
F_3_saida,CD_2_entrada,4,102,80,44
F_3_saida,CD_2_entrada,5,108,71,19
F_3_saida,CD_2_entrada,6,129,72,21
F_3_saida,CD_2_entrada,7,91,29,76
F_3_saida,CD_2_entrada,8,169,96,56
F_3_saida,CD_2_entrada,9,152,29,45
F_3_saida,CD_3_entrada,0,129,24,76
F_3_saida,CD_3_entrada,1,118,110,21
F_3_saida,CD_3_entrada,2,32,46,24
F_3_saida,CD_3_entrada,3,150,89,71
F_3_saida,CD_3_entrada,4,51,22,64
F_3_saida,CD_3_entrada,5,133,45,16
F_3_saida,CD_3_entrada,6,188,79,53
F_3_saida,CD_3_entrada,7,106,49,69
F_3_saida,CD_3_entrada,8,70,89,57
F_3_saida,CD_3_entrada,9,131,68,92
F_3_saida,CD_4_entrada,0,127,82,25
F_3_saida,CD_4_entrada,1,152,21,22
F_3_saida,CD_4_entrada,2,138,71,47
F_3_saida,CD_4_entrada,3,58,29,18
F_3_saida,CD_4_entrada,4,105,95,12
F_3_saida,CD_4_entrada,5,161,105,86
F_3_saida,CD_4_entrada,6,139,82,18
F_3_saida,CD_4_entrada,7,110,78,88
F_3_saida,CD_4_entrada,8,71,26,63
F_3_saida,CD_4_entrada,9,180,76,53
F_4_saida,CD_0_entrada,0,133,46,74
F_4_saida,CD_0_entrada,1,174,17,92
F_4_saida,CD_0_entrada,2,180,55,57
F_4_saida,CD_0_entrada,3,156,32,37
F_4_saida,CD_0_entrada,4,95,42,68
F_4_saida,CD_0_entrada,5,99,18,30
F_4_saida,CD_0_entrada,6,36,66,32
F_4_saida,CD_0_entrada,7,86,34,79
F_4_saida,CD_0_entrada,8,111,54,18
F_4_saida,CD_0_entrada,9,77,37,89
F_4_saida,CD_1_entrada,0,125,74,58
F_4_saida,CD_1_entrada,1,84,65,78
F_4_saida,CD_1_entrada,2,118,51,94
F_4_saida,CD_1_entrada,3,101,15,26
F_4_saida,CD_1_entrada,4,155,69,98
F_4_saida,CD_1_entrada,5,177,104,10
F_4_saida,CD_1_entrada,6,67,67,31
F_4_saida,CD_1_entrada,7,112,17,64
F_4_saida,CD_1_entrada,8,123,58,43
F_4_saida,CD_1_entrada,9,160,40,41
F_4_saida,CD_2_entrada,0,104,69,79
F_4_saida,CD_2_entrada,1,106,57,73
F_4_saida,CD_2_entrada,2,60,76,72
F_4_saida,CD_2_entrada,3,132,24,42
F_4_saida,CD_2_entrada,4,91,112,52
F_4_saida,CD_2_entrada,5,108,59,43
F_4_saida,CD_2_entrada,6,116,42,85
F_4_saida,CD_2_entrada,7,90,63,77
F_4_saida,CD_2_entrada,8,66,40,49
F_4_saida,CD_2_entrada,9,92,64,16
F_4_saida,CD_3_entrada,0,105,55,11
F_4_saida,CD_3_entrada,1,115,73,50
F_4_saida,CD_3_entrada,2,118,93,94
F_4_saida,CD_3_entrada,3,139,28,39
F_4_saida,CD_3_entrada,4,130,63,37
F_4_saida,CD_3_entrada,5,161,82,87
F_4_saida,CD_3_entrada,6,166,70,45
F_4_saida,CD_3_entrada,7,128,97,88
F_4_saida,CD_3_entrada,8,64,82,27
F_4_saida,CD_3_entrada,9,86,72,57
F_4_saida,CD_4_entrada,0,96,88,31
F_4_saida,CD_4_entrada,1,100,66,85
F_4_saida,CD_4_entrada,2,70,30,38
F_4_saida,CD_4_entrada,3,112,96,15
F_4_saida,CD_4_entrada,4,113,98,84
F_4_saida,CD_4_entrada,5,114,53,51
F_4_saida,CD_4_entrada,6,116,40,81
F_4_saida,CD_4_entrada,7,182,87,66
F_4_saida,CD_4_entrada,8,41,59,44
F_4_saida,CD_4_entrada,9,89,61,77
F_0_saida,CD_0_entrada,0,33,47,63
F_0_saida,CD_0_entrada,1,111,57,33
F_0_saida,CD_0_entrada,2,152,75,16
F_0_saida,CD_0_entrada,3,109,21,45
F_0_saida,CD_0_entrada,4,156,59,60
F_0_saida,CD_0_entrada,5,112,35,72
F_0_saida,CD_0_entrada,6,61,94,53
F_0_saida,CD_0_entrada,7,129,18,57
F_0_saida,CD_0_entrada,8,121,46,54
F_0_saida,CD_0_entrada,9,128,39,78
F_0_saida,CD_1_entrada,0,111,76,19
F_0_saida,CD_1_entrada,1,69,91,59
F_0_saida,CD_1_entrada,2,75,22,26
F_0_saida,CD_1_entrada,3,118,57,40
F_0_saida,CD_1_entrada,4,127,21,63
F_0_saida,CD_1_entrada,5,107,102,85
F_0_saida,CD_1_entrada,6,162,65,75
F_0_saida,CD_1_entrada,7,145,102,51
F_0_saida,CD_1_entrada,8,121,27,64
F_0_saida,CD_1_entrada,9,70,52,49
F_0_saida,CD_2_entrada,0,186,51,53
F_0_saida,CD_2_entrada,1,130,35,93
F_0_saida,CD_2_entrada,2,67,60,26
F_0_saida,CD_2_entrada,3,126,33,93
F_0_saida,CD_2_entrada,4,97,28,63
F_0_saida,CD_2_entrada,5,74,19,71
F_0_saida,CD_2_entrada,6,93,84,40
F_0_saida,CD_2_entrada,7,124,82,80
F_0_saida,CD_2_entrada,8,93,53,14
F_0_saida,CD_2_entrada,9,179,107,84
F_0_saida,CD_3_entrada,0,113,36,69
F_0_saida,CD_3_entrada,1,109,29,79
F_0_saida,CD_3_entrada,2,76,27,43
F_0_saida,CD_3_entrada,3,44,72,68
F_0_saida,CD_3_entrada,4,142,96,42
F_0_saida,CD_3_entrada,5,140,34,93
F_0_saida,CD_3_entrada,6,138,101,80
F_0_saida,CD_3_entrada,7,170,82,98
F_0_saida,CD_3_entrada,8,116,22,28
F_0_saida,CD_3_entrada,9,103,26,29
F_0_saida,CD_4_entrada,0,125,78,96
F_0_saida,CD_4_entrada,1,77,76,98
F_0_saida,CD_4_entrada,2,178,74,13
F_0_saida,CD_4_entrada,3,112,48,85
F_0_saida,CD_4_entrada,4,63,97,30
F_0_saida,CD_4_entrada,5,117,28,53
F_0_saida,CD_4_entrada,6,98,72,73
F_0_saida,CD_4_entrada,7,134,96,10
F_0_saida,CD_4_entrada,8,145,46,48
F_0_saida,CD_4_entrada,9,116,12,73
F_1_saida,CD_0_entrada,0,114,101,78
F_1_saida,CD_0_entrada,1,152,16,54
F_1_saida,CD_0_entrada,2,80,52,91
F_1_saida,CD_0_entrada,3,57,99,90
F_1_saida,CD_0_entrada,4,79,68,38
F_1_saida,CD_0_entrada,5,114,61,69
F_1_saida,CD_0_entrada,6,74,43,14
F_1_saida,CD_0_entrada,7,66,106,60
F_1_saida,CD_0_entrada,8,152,15,22
F_1_saida,CD_0_entrada,9,87,22,44
F_1_saida,CD_1_entrada,0,132,58,22
F_1_saida,CD_1_entrada,1,123,26,90
F_1_saida,CD_1_entrada,2,120,111,76
F_1_saida,CD_1_entrada,3,141,59,82
F_1_saida,CD_1_entrada,4,50,105,42
F_1_saida,CD_1_entrada,5,168,28,11
F_1_saida,CD_1_entrada,6,88,85,57
F_1_saida,CD_1_entrada,7,134,87,84
F_1_saida,CD_1_entrada,8,97,93,23
F_1_saida,CD_1_entrada,9,38,78,16
F_1_saida,CD_2_entrada,0,131,55,84
F_1_saida,CD_2_entrada,1,121,75,24
F_1_saida,CD_2_entrada,2,102,32,14
F_1_saida,CD_2_entrada,3,98,56,13
F_1_saida,CD_2_entrada,4,168,84,72
F_1_saida,CD_2_entrada,5,95,45,18
F_1_saida,CD_2_entrada,6,39,90,77
F_1_saida,CD_2_entrada,7,149,29,94
F_1_saida,CD_2_entrada,8,155,81,76
F_1_saida,CD_2_entrada,9,85,90,12
F_1_saida,CD_3_entrada,0,57,23,63
F_1_saida,CD_3_entrada,1,147,32,36
F_1_saida,CD_3_entrada,2,81,40,72
F_1_saida,CD_3_entrada,3,78,89,25
F_1_saida,CD_3_entrada,4,167,76,77
F_1_saida,CD_3_entrada,5,73,77,51
F_1_saida,CD_3_entrada,6,93,98,92
F_1_saida,CD_3_entrada,7,147,44,17
F_1_saida,CD_3_entrada,8,62,39,66
F_1_saida,CD_3_entrada,9,161,107,34
F_1_saida,CD_4_entrada,0,51,72,76
F_1_saida,CD_4_entrada,1,125,50,63
F_1_saida,CD_4_entrada,2,125,44,87
F_1_saida,CD_4_entrada,3,40,76,38
F_1_saida,CD_4_entrada,4,125,84,50
F_1_saida,CD_4_entrada,5,117,55,70
F_1_saida,CD_4_entrada,6,124,61,19
F_1_saida,CD_4_entrada,7,97,26,54
F_1_saida,CD_4_entrada,8,89,23,54
F_1_saida,CD_4_entrada,9,104,19,45
F_2_saida,CD_0_entrada,0,123,106,56
F_2_saida,CD_0_entrada,1,141,97,11
F_2_saida,CD_0_entrada,2,148,46,73
F_2_saida,CD_0_entrada,3,169,75,25
F_2_saida,CD_0_entrada,4,123,104,45
F_2_saida,CD_0_entrada,5,90,45,81
F_2_saida,CD_0_entrada,6,77,62,55
F_2_saida,CD_0_entrada,7,102,59,70
F_2_saida,CD_0_entrada,8,170,49,83
F_2_saida,CD_0_entrada,9,170,59,87
F_2_saida,CD_1_entrada,0,64,80,74
F_2_saida,CD_1_entrada,1,113,86,74
F_2_saida,CD_1_entrada,2,95,102,30
F_2_saida,CD_1_entrada,3,128,42,33
F_2_saida,CD_1_entrada,4,63,20,91
F_2_saida,CD_1_entrada,5,71,75,90
F_2_saida,CD_1_entrada,6,43,88,13
F_2_saida,CD_1_entrada,7,105,52,58
F_2_saida,CD_1_entrada,8,164,94,27
F_2_saida,CD_1_entrada,9,146,78,58
F_2_saida,CD_2_entrada,0,109,36,19
F_2_saida,CD_2_entrada,1,126,99,40
F_2_saida,CD_2_entrada,2,129,81,13
F_2_saida,CD_2_entrada,3,113,70,25
F_2_saida,CD_2_entrada,4,110,37,39
F_2_saida,CD_2_entrada,5,138,46,24
F_2_saida,CD_2_entrada,6,63,111,62
F_2_saida,CD_2_entrada,7,141,58,99
F_2_saida,CD_2_entrada,8,80,86,85
F_2_saida,CD_2_entrada,9,63,72,61
F_2_saida,CD_3_entrada,0,112,49,55
F_2_saida,CD_3_entrada,1,94,68,26
F_2_saida,CD_3_entrada,2,50,92,75
F_2_saida,CD_3_entrada,3,129,73,10
F_2_saida,CD_3_entrada,4,69,78,23
F_2_saida,CD_3_entrada,5,158,72,57
F_2_saida,CD_3_entrada,6,132,86,77
F_2_saida,CD_3_entrada,7,152,62,68
F_2_saida,CD_3_entrada,8,133,90,57
F_2_saida,CD_3_entrada,9,140,23,33
F_2_saida,CD_4_entrada,0,121,110,22
F_2_saida,CD_4_entrada,1,55,97,68
F_2_saida,CD_4_entrada,2,72,74,39
F_2_saida,CD_4_entrada,3,178,94,97
F_2_saida,CD_4_entrada,4,96,88,19
F_2_saida,CD_4_entrada,5,100,64,81
F_2_saida,CD_4_entrada,6,87,35,39
F_2_saida,CD_4_entrada,7,113,17,61
F_2_saida,CD_4_entrada,8,68,89,81
F_2_saida,CD_4_entrada,9,41,73,85
F_3_saida,CD_0_entrada,0,152,98,32
F_3_saida,CD_0_entrada,1,85,80,96
F_3_saida,CD_0_entrada,2,139,71,14
F_3_saida,CD_0_entrada,3,95,31,50
F_3_saida,CD_0_entrada,4,50,22,49
F_3_saida,CD_0_entrada,5,99,50,47
F_3_saida,CD_0_entrada,6,60,83,74
F_3_saida,CD_0_entrada,7,36,42,91
F_3_saida,CD_0_entrada,8,138,41,18
F_3_saida,CD_0_entrada,9,95,90,30
F_3_saida,CD_1_entrada,0,104,36,23
F_3_saida,CD_1_entrada,1,44,93,46
F_3_saida,CD_1_entrada,2,46,81,95
F_3_saida,CD_1_entrada,3,93,66,91
F_3_saida,CD_1_entrada,4,155,78,69
F_3_saida,CD_1_entrada,5,69,88,16
F_3_saida,CD_1_entrada,6,78,15,65
F_3_saida,CD_1_entrada,7,136,98,73
F_3_saida,CD_1_entrada,8,115,23,57
F_3_saida,CD_1_entrada,9,96,92,91
F_3_saida,CD_2_entrada,0,45,30,52
F_3_saida,CD_2_entrada,1,109,107,53
F_3_saida,CD_2_entrada,2,42,94,88
F_3_saida,CD_2_entrada,3,99,20,47
F_3_saida,CD_2_entrada,4,154,83,58
F_3_saida,CD_2_entrada,5,104,32,29
F_3_saida,CD_2_entrada,6,94,59,58
F_3_saida,CD_2_entrada,7,135,48,90
F_3_saida,CD_2_entrada,8,129,56,56
F_3_saida,CD_2_entrada,9,77,106,36
F_3_saida,CD_3_entrada,0,125,76,46
F_3_saida,CD_3_entrada,1,81,80,39
F_3_saida,CD_3_entrada,2,100,71,17
F_3_saida,CD_3_entrada,3,125,46,45
F_3_saida,CD_3_entrada,4,62,17,63
F_3_saida,CD_3_entrada,5,121,92,34
F_3_saida,CD_3_entrada,6,75,80,34
F_3_saida,CD_3_entrada,7,131,69,44
F_3_saida,CD_3_entrada,8,105,29,55
F_3_saida,CD_3_entrada,9,98,79,49
F_3_saida,CD_4_entrada,0,67,68,68
F_3_saida,CD_4_entrada,1,147,76,66
F_3_saida,CD_4_entrada,2,51,108,86
F_3_saida,CD_4_entrada,3,46,84,82
F_3_saida,CD_4_entrada,4,149,88,43
F_3_saida,CD_4_entrada,5,130,94,26
F_3_saida,CD_4_entrada,6,74,66,93
F_3_saida,CD_4_entrada,7,77,110,93
F_3_saida,CD_4_entrada,8,103,40,76
F_3_saida,CD_4_entrada,9,104,28,54
F_4_saida,CD_0_entrada,0,109,25,72
F_4_saida,CD_0_entrada,1,70,30,30
F_4_saida,CD_0_entrada,2,128,63,48
F_4_saida,CD_0_entrada,3,161,96,38
F_4_saida,CD_0_entrada,4,188,66,18
F_4_saida,CD_0_entrada,5,94,103,44
F_4_saida,CD_0_entrada,6,130,20,54
F_4_saida,CD_0_entrada,7,109,42,16
F_4_saida,CD_0_entrada,8,63,87,15
F_4_saida,CD_0_entrada,9,56,14,84
F_4_saida,CD_1_entrada,0,81,60,60
F_4_saida,CD_1_entrada,1,73,103,73
F_4_saida,CD_1_entrada,2,121,98,60
F_4_saida,CD_1_entrada,3,79,107,53
F_4_saida,CD_1_entrada,4,116,70,36
F_4_saida,CD_1_entrada,5,53,42,20
F_4_saida,CD_1_entrada,6,151,33,71
F_4_saida,CD_1_entrada,7,103,59,96
F_4_saida,CD_1_entrada,8,165,82,97
F_4_saida,CD_1_entrada,9,87,23,73
F_4_saida,CD_2_entrada,0,90,92,81
F_4_saida,CD_2_entrada,1,176,28,45
F_4_saida,CD_2_entrada,2,65,92,49
F_4_saida,CD_2_entrada,3,72,85,14
F_4_saida,CD_2_entrada,4,132,64,65
F_4_saida,CD_2_entrada,5,79,60,74
F_4_saida,CD_2_entrada,6,114,96,87
F_4_saida,CD_2_entrada,7,107,72,58
F_4_saida,CD_2_entrada,8,88,23,15
F_4_saida,CD_2_entrada,9,52,55,39
F_4_saida,CD_3_entrada,0,181,89,54
F_4_saida,CD_3_entrada,1,45,94,14
F_4_saida,CD_3_entrada,2,111,36,58
F_4_saida,CD_3_entrada,3,126,52,39
F_4_saida,CD_3_entrada,4,151,87,29
F_4_saida,CD_3_entrada,5,133,103,93
F_4_saida,CD_3_entrada,6,91,79,43
F_4_saida,CD_3_entrada,7,123,64,36
F_4_saida,CD_3_entrada,8,157,43,45
F_4_saida,CD_3_entrada,9,178,101,95
F_4_saida,CD_4_entrada,0,98,89,75
F_4_saida,CD_4_entrada,1,58,51,99
F_4_saida,CD_4_entrada,2,58,89,68
F_4_saida,CD_4_entrada,3,182,111,61
F_4_saida,CD_4_entrada,4,161,95,40
F_4_saida,CD_4_entrada,5,147,99,42
F_4_saida,CD_4_entrada,6,145,79,17
F_4_saida,CD_4_entrada,7,80,76,59
F_4_saida,CD_4_entrada,8,110,95,27
F_4_saida,CD_4_entrada,9,141,29,66
CD_0_saida,C_0,0,185,16,66
CD_0_saida,C_0,1,148,21,55
CD_0_saida,C_0,2,51,63,23
CD_0_saida,C_0,3,115,98,73
CD_0_saida,C_0,4,128,80,34
CD_0_saida,C_0,5,180,103,51
CD_0_saida,C_0,6,46,26,19
CD_0_saida,C_0,7,139,59,65
CD_0_saida,C_0,8,141,98,98
CD_0_saida,C_0,9,130,46,38
CD_0_saida,C_1,0,68,39,17
CD_0_saida,C_1,1,37,86,10
CD_0_saida,C_1,2,131,105,55
CD_0_saida,C_1,3,129,53,83
CD_0_saida,C_1,4,97,24,37
CD_0_saida,C_1,5,75,30,93
CD_0_saida,C_1,6,55,53,35
CD_0_saida,C_1,7,75,78,83
CD_0_saida,C_1,8,171,26,73
CD_0_saida,C_1,9,108,105,86
CD_0_saida,C_2,0,110,90,37
CD_0_saida,C_2,1,180,44,52
CD_0_saida,C_2,2,83,80,67
CD_0_saida,C_2,3,67,83,52
CD_0_saida,C_2,4,49,96,82
CD_0_saida,C_2,5,129,94,14
CD_0_saida,C_2,6,120,95,19
CD_0_saida,C_2,7,161,56,42
CD_0_saida,C_2,8,61,59,71
CD_0_saida,C_2,9,113,29,40
CD_0_saida,C_3,0,113,64,77
CD_0_saida,C_3,1,66,84,28
CD_0_saida,C_3,2,106,38,50
CD_0_saida,C_3,3,94,75,98
CD_0_saida,C_3,4,127,66,38
CD_0_saida,C_3,5,50,32,75
CD_0_saida,C_3,6,142,77,74
CD_0_saida,C_3,7,84,57,85
CD_0_saida,C_3,8,64,69,62
CD_0_saida,C_3,9,49,106,53
CD_0_saida,C_4,0,49,89,47
CD_0_saida,C_4,1,38,42,77
CD_0_saida,C_4,2,149,91,99
CD_0_saida,C_4,3,57,80,51
CD_0_saida,C_4,4,136,21,74
CD_0_saida,C_4,5,111,24,56
CD_0_saida,C_4,6,111,74,78
CD_0_saida,C_4,7,150,31,61
CD_0_saida,C_4,8,69,35,40
CD_0_saida,C_4,9,108,47,86
CD_0_saida,C_5,0,173,29,22
CD_0_saida,C_5,1,155,52,82
CD_0_saida,C_5,2,85,110,32
CD_0_saida,C_5,3,91,84,24
CD_0_saida,C_5,4,88,52,72
CD_0_saida,C_5,5,116,31,29
CD_0_saida,C_5,6,43,103,29
CD_0_saida,C_5,7,124,35,67
CD_0_saida,C_5,8,159,50,57
CD_0_saida,C_5,9,52,84,77
CD_0_saida,C_6,0,103,16,82
CD_0_saida,C_6,1,173,28,91
CD_0_saida,C_6,2,82,63,96
CD_0_saida,C_6,3,129,57,39
CD_0_saida,C_6,4,118,25,12
CD_0_saida,C_6,5,141,100,94
CD_0_saida,C_6,6,166,76,88
CD_0_saida,C_6,7,169,55,64
CD_0_saida,C_6,8,101,70,86
CD_0_saida,C_6,9,128,85,35
CD_0_saida,C_7,0,102,99,13
CD_0_saida,C_7,1,99,91,80
CD_0_saida,C_7,2,112,79,65
CD_0_saida,C_7,3,26,58,34
CD_0_saida,C_7,4,152,66,31
CD_0_saida,C_7,5,101,77,21
CD_0_saida,C_7,6,100,99,22
CD_0_saida,C_7,7,116,85,30
CD_0_saida,C_7,8,195,18,11
CD_0_saida,C_7,9,92,82,12
CD_0_saida,C_8,0,72,30,84
CD_0_saida,C_8,1,126,24,38
CD_0_saida,C_8,2,99,102,43
CD_0_saida,C_8,3,133,99,20
CD_0_saida,C_8,4,66,39,39
CD_0_saida,C_8,5,78,100,82
CD_0_saida,C_8,6,150,54,82
CD_0_saida,C_8,7,118,86,27
CD_0_saida,C_8,8,54,55,40
CD_0_saida,C_8,9,75,37,43
CD_0_saida,C_9,0,181,79,79
CD_0_saida,C_9,1,81,25,55
CD_0_saida,C_9,2,175,82,55
CD_0_saida,C_9,3,85,90,41
CD_0_saida,C_9,4,111,53,62
CD_0_saida,C_9,5,137,21,80
CD_0_saida,C_9,6,110,106,42
CD_0_saida,C_9,7,70,18,60
CD_0_saida,C_9,8,91,75,21
CD_0_saida,C_9,9,47,55,91
CD_0_saida,C_10,0,100,36,17
CD_0_saida,C_10,1,180,83,31
CD_0_saida,C_10,2,120,88,43
CD_0_saida,C_10,3,78,47,90
CD_0_saida,C_10,4,56,46,75
CD_0_saida,C_10,5,99,39,72
CD_0_saida,C_10,6,105,32,27
CD_0_saida,C_10,7,149,87,90
CD_0_saida,C_10,8,101,28,88
CD_0_saida,C_10,9,141,83,38
CD_0_saida,C_11,0,58,46,61
CD_0_saida,C_11,1,166,27,61
CD_0_saida,C_11,2,185,35,20
CD_0_saida,C_11,3,91,57,90
CD_0_saida,C_11,4,104,66,53
CD_0_saida,C_11,5,169,98,98
CD_0_saida,C_11,6,155,91,86
CD_0_saida,C_11,7,83,98,51
CD_0_saida,C_11,8,101,40,79
CD_0_saida,C_11,9,153,58,19
CD_0_saida,C_12,0,141,49,37
CD_0_saida,C_12,1,110,62,23
CD_0_saida,C_12,2,150,95,52
CD_0_saida,C_12,3,155,65,31
CD_0_saida,C_12,4,70,72,87
CD_0_saida,C_12,5,131,42,66
CD_0_saida,C_12,6,151,30,91
CD_0_saida,C_12,7,158,54,84
CD_0_saida,C_12,8,167,98,52
CD_0_saida,C_12,9,84,45,87
CD_0_saida,C_13,0,173,65,59
CD_0_saida,C_13,1,95,102,16
CD_0_saida,C_13,2,106,106,96
CD_0_saida,C_13,3,151,76,89
CD_0_saida,C_13,4,82,67,88
CD_0_saida,C_13,5,143,23,35
CD_0_saida,C_13,6,130,98,70
CD_0_saida,C_13,7,69,84,62
CD_0_saida,C_13,8,81,18,86
CD_0_saida,C_13,9,72,114,52
CD_0_saida,C_14,0,155,54,46
CD_0_saida,C_14,1,59,20,82
CD_0_saida,C_14,2,135,73,91
CD_0_saida,C_14,3,96,49,97
CD_0_saida,C_14,4,128,20,62
CD_0_saida,C_14,5,131,86,72
CD_0_saida,C_14,6,129,67,29
CD_0_saida,C_14,7,112,52,66
CD_0_saida,C_14,8,70,78,80
CD_0_saida,C_14,9,141,37,98
CD_0_saida,C_15,0,100,105,50
CD_0_saida,C_15,1,160,37,70
CD_0_saida,C_15,2,69,39,95
CD_0_saida,C_15,3,128,28,84
CD_0_saida,C_15,4,44,78,78
CD_0_saida,C_15,5,108,89,87
CD_0_saida,C_15,6,101,77,84
CD_0_saida,C_15,7,176,77,74
CD_0_saida,C_15,8,130,90,77
CD_0_saida,C_15,9,143,79,10
CD_0_saida,C_16,0,86,36,51
CD_0_saida,C_16,1,78,34,68
CD_0_saida,C_16,2,109,69,21
CD_0_saida,C_16,3,143,51,53
CD_0_saida,C_16,4,106,103,30
CD_0_saida,C_16,5,105,59,51
CD_0_saida,C_16,6,147,51,78
CD_0_saida,C_16,7,115,102,24
CD_0_saida,C_16,8,75,87,41
CD_0_saida,C_16,9,136,54,95
CD_0_saida,C_17,0,117,74,11
CD_0_saida,C_17,1,99,96,58
CD_0_saida,C_17,2,85,93,54
CD_0_saida,C_17,3,174,26,67
CD_0_saida,C_17,4,152,93,52
CD_0_saida,C_17,5,124,109,51
CD_0_saida,C_17,6,98,20,51
CD_0_saida,C_17,7,98,67,26
CD_0_saida,C_17,8,107,100,81
CD_0_saida,C_17,9,56,32,93
CD_0_saida,C_18,0,103,50,65
CD_0_saida,C_18,1,117,66,29
CD_0_saida,C_18,2,158,12,86
CD_0_saida,C_18,3,121,61,51
CD_0_saida,C_18,4,181,83,11
CD_0_saida,C_18,5,104,44,67
CD_0_saida,C_18,6,113,74,31
CD_0_saida,C_18,7,101,32,19
CD_0_saida,C_18,8,90,42,13
CD_0_saida,C_18,9,52,26,99
CD_0_saida,C_19,0,43,78,86
CD_0_saida,C_19,1,55,87,96
CD_0_saida,C_19,2,157,31,65
CD_0_saida,C_19,3,68,63,87
CD_0_saida,C_19,4,141,69,55
CD_0_saida,C_19,5,168,62,42
CD_0_saida,C_19,6,73,77,59
CD_0_saida,C_19,7,100,70,10
CD_0_saida,C_19,8,118,41,21
CD_0_saida,C_19,9,52,60,11
CD_1_saida,C_0,0,104,96,91
CD_1_saida,C_0,1,120,27,79
CD_1_saida,C_0,2,105,111,77
CD_1_saida,C_0,3,171,23,86
CD_1_saida,C_0,4,80,40,99
CD_1_saida,C_0,5,62,53,11
CD_1_saida,C_0,6,35,47,34
CD_1_saida,C_0,7,103,108,20
CD_1_saida,C_0,8,130,92,66
CD_1_saida,C_0,9,93,105,97
CD_1_saida,C_1,0,151,79,69
CD_1_saida,C_1,1,136,52,88
CD_1_saida,C_1,2,131,61,99
CD_1_saida,C_1,3,122,69,76
CD_1_saida,C_1,4,105,61,33
CD_1_saida,C_1,5,145,70,81
CD_1_saida,C_1,6,62,110,65
CD_1_saida,C_1,7,59,49,14
CD_1_saida,C_1,8,143,62,49
CD_1_saida,C_1,9,89,30,88
CD_1_saida,C_2,0,101,31,74
CD_1_saida,C_2,1,154,72,75
CD_1_saida,C_2,2,146,63,12
CD_1_saida,C_2,3,121,48,60
CD_1_saida,C_2,4,166,30,81
CD_1_saida,C_2,5,128,24,80
CD_1_saida,C_2,6,133,94,71
CD_1_saida,C_2,7,103,29,41
CD_1_saida,C_2,8,93,35,64
CD_1_saida,C_2,9,163,86,34
CD_1_saida,C_3,0,62,101,87
CD_1_saida,C_3,1,134,107,73
CD_1_saida,C_3,2,132,78,24
CD_1_saida,C_3,3,132,59,38
CD_1_saida,C_3,4,66,57,77
CD_1_saida,C_3,5,103,85,90
CD_1_saida,C_3,6,98,45,54
CD_1_saida,C_3,7,83,47,57
CD_1_saida,C_3,8,131,101,93
CD_1_saida,C_3,9,155,27,87
CD_1_saida,C_4,0,58,47,53
CD_1_saida,C_4,1,67,59,55
CD_1_saida,C_4,2,93,74,81
CD_1_saida,C_4,3,103,30,53
CD_1_saida,C_4,4,131,72,91
CD_1_saida,C_4,5,87,61,62
CD_1_saida,C_4,6,113,106,44
CD_1_saida,C_4,7,60,69,10
CD_1_saida,C_4,8,108,54,50
CD_1_saida,C_4,9,111,106,34
CD_1_saida,C_5,0,105,40,39
CD_1_saida,C_5,1,86,58,39
CD_1_saida,C_5,2,148,60,40
CD_1_saida,C_5,3,50,20,53
CD_1_saida,C_5,4,123,57,46
CD_1_saida,C_5,5,67,61,64
CD_1_saida,C_5,6,73,41,39
CD_1_saida,C_5,7,81,25,20
CD_1_saida,C_5,8,144,46,20
CD_1_saida,C_5,9,71,85,86
CD_1_saida,C_6,0,90,36,92
CD_1_saida,C_6,1,128,105,86
CD_1_saida,C_6,2,95,81,67
CD_1_saida,C_6,3,132,89,10
CD_1_saida,C_6,4,100,84,33
CD_1_saida,C_6,5,99,84,30
CD_1_saida,C_6,6,116,89,40
CD_1_saida,C_6,7,91,87,73
CD_1_saida,C_6,8,112,36,17
CD_1_saida,C_6,9,148,100,88
CD_1_saida,C_7,0,162,38,30
CD_1_saida,C_7,1,89,98,83
CD_1_saida,C_7,2,81,57,66
CD_1_saida,C_7,3,132,69,44
CD_1_saida,C_7,4,105,91,65
CD_1_saida,C_7,5,56,90,86
CD_1_saida,C_7,6,182,91,72
CD_1_saida,C_7,7,112,66,21
CD_1_saida,C_7,8,135,84,48
CD_1_saida,C_7,9,145,66,36
CD_1_saida,C_8,0,57,90,97
CD_1_saida,C_8,1,80,44,18
CD_1_saida,C_8,2,148,74,10
CD_1_saida,C_8,3,152,46,97
CD_1_saida,C_8,4,108,101,71
CD_1_saida,C_8,5,153,67,72
CD_1_saida,C_8,6,87,52,26
CD_1_saida,C_8,7,42,88,63
CD_1_saida,C_8,8,30,93,82
CD_1_saida,C_8,9,107,65,78
CD_1_saida,C_9,0,114,36,18
CD_1_saida,C_9,1,74,41,52
CD_1_saida,C_9,2,86,86,36
CD_1_saida,C_9,3,135,21,97
CD_1_saida,C_9,4,139,54,69
CD_1_saida,C_9,5,58,67,69
CD_1_saida,C_9,6,106,26,37
CD_1_saida,C_9,7,61,85,55
CD_1_saida,C_9,8,136,75,90
CD_1_saida,C_9,9,115,91,20
CD_1_saida,C_10,0,153,39,68
CD_1_saida,C_10,1,157,51,73
CD_1_saida,C_10,2,118,59,72
CD_1_saida,C_10,3,126,102,81
CD_1_saida,C_10,4,84,67,82
CD_1_saida,C_10,5,120,25,73
CD_1_saida,C_10,6,89,50,89
CD_1_saida,C_10,7,126,32,15
CD_1_saida,C_10,8,96,68,63
CD_1_saida,C_10,9,179,35,51
CD_1_saida,C_11,0,117,51,47
CD_1_saida,C_11,1,162,104,96
CD_1_saida,C_11,2,90,54,75
CD_1_saida,C_11,3,131,75,46
CD_1_saida,C_11,4,67,25,45
CD_1_saida,C_11,5,149,44,40
CD_1_saida,C_11,6,91,26,99
CD_1_saida,C_11,7,50,96,10
CD_1_saida,C_11,8,63,80,11
CD_1_saida,C_11,9,84,88,98
CD_1_saida,C_12,0,116,87,15
CD_1_saida,C_12,1,112,59,95
CD_1_saida,C_12,2,124,70,18
CD_1_saida,C_12,3,95,89,52
CD_1_saida,C_12,4,175,61,23
CD_1_saida,C_12,5,72,93,73
CD_1_saida,C_12,6,115,87,66
CD_1_saida,C_12,7,71,72,82
CD_1_saida,C_12,8,109,64,67
CD_1_saida,C_12,9,145,93,10
CD_1_saida,C_13,0,76,68,69
CD_1_saida,C_13,1,157,27,27
CD_1_saida,C_13,2,105,27,21
CD_1_saida,C_13,3,70,24,72
CD_1_saida,C_13,4,87,52,67
CD_1_saida,C_13,5,135,31,33
CD_1_saida,C_13,6,119,85,37
CD_1_saida,C_13,7,121,47,76
CD_1_saida,C_13,8,103,78,63
CD_1_saida,C_13,9,102,90,79
CD_1_saida,C_14,0,184,39,99
CD_1_saida,C_14,1,143,76,67
CD_1_saida,C_14,2,100,72,51
CD_1_saida,C_14,3,166,41,54
CD_1_saida,C_14,4,111,103,27
CD_1_saida,C_14,5,38,95,72
CD_1_saida,C_14,6,79,60,22
CD_1_saida,C_14,7,61,31,51
CD_1_saida,C_14,8,152,66,34
CD_1_saida,C_14,9,104,46,73
CD_1_saida,C_15,0,158,104,45
CD_1_saida,C_15,1,137,107,75
CD_1_saida,C_15,2,79,93,50
CD_1_saida,C_15,3,40,32,55
CD_1_saida,C_15,4,119,86,91
CD_1_saida,C_15,5,112,49,28
CD_1_saida,C_15,6,59,69,79
CD_1_saida,C_15,7,66,38,14
CD_1_saida,C_15,8,138,95,64
CD_1_saida,C_15,9,123,98,54
CD_1_saida,C_16,0,65,98,71
CD_1_saida,C_16,1,127,69,56
CD_1_saida,C_16,2,105,27,58
CD_1_saida,C_16,3,85,90,54
CD_1_saida,C_16,4,40,22,11
CD_1_saida,C_16,5,91,69,98
CD_1_saida,C_16,6,150,95,50
CD_1_saida,C_16,7,154,107,17
CD_1_saida,C_16,8,98,34,81
CD_1_saida,C_16,9,60,24,94
CD_1_saida,C_17,0,123,47,56
CD_1_saida,C_17,1,56,29,70
CD_1_saida,C_17,2,195,21,35
CD_1_saida,C_17,3,55,23,27
CD_1_saida,C_17,4,125,59,16
CD_1_saida,C_17,5,123,17,27
CD_1_saida,C_17,6,46,78,27
CD_1_saida,C_17,7,73,76,89
CD_1_saida,C_17,8,149,21,23
CD_1_saida,C_17,9,132,38,54
CD_1_saida,C_18,0,140,75,62
CD_1_saida,C_18,1,70,87,20
CD_1_saida,C_18,2,116,52,93
CD_1_saida,C_18,3,146,66,14
CD_1_saida,C_18,4,119,94,62
CD_1_saida,C_18,5,118,61,17
CD_1_saida,C_18,6,164,85,66
CD_1_saida,C_18,7,99,76,44
CD_1_saida,C_18,8,154,53,69
CD_1_saida,C_18,9,143,51,57
CD_1_saida,C_19,0,119,73,15
CD_1_saida,C_19,1,55,68,92
CD_1_saida,C_19,2,156,71,90
CD_1_saida,C_19,3,89,39,15
CD_1_saida,C_19,4,134,39,23
CD_1_saida,C_19,5,95,55,38
CD_1_saida,C_19,6,135,88,91
CD_1_saida,C_19,7,57,67,25
CD_1_saida,C_19,8,127,99,81
CD_1_saida,C_19,9,76,47,92
CD_2_saida,C_0,0,111,66,56
CD_2_saida,C_0,1,74,23,84
CD_2_saida,C_0,2,47,97,49
CD_2_saida,C_0,3,196,59,61
CD_2_saida,C_0,4,78,29,32
CD_2_saida,C_0,5,60,43,59
CD_2_saida,C_0,6,58,90,96
CD_2_saida,C_0,7,124,38,70
CD_2_saida,C_0,8,104,82,62
CD_2_saida,C_0,9,129,79,44
CD_2_saida,C_1,0,42,21,46
CD_2_saida,C_1,1,120,57,15
CD_2_saida,C_1,2,101,96,62
CD_2_saida,C_1,3,92,75,65
CD_2_saida,C_1,4,158,60,24
CD_2_saida,C_1,5,63,22,43
CD_2_saida,C_1,6,124,58,58
CD_2_saida,C_1,7,87,82,86
CD_2_saida,C_1,8,102,38,89
CD_2_saida,C_1,9,100,46,70
CD_2_saida,C_2,0,126,63,33
CD_2_saida,C_2,1,97,60,56
CD_2_saida,C_2,2,146,67,85
CD_2_saida,C_2,3,93,61,57
CD_2_saida,C_2,4,57,81,33
CD_2_saida,C_2,5,112,57,39
CD_2_saida,C_2,6,144,41,80
CD_2_saida,C_2,7,93,90,29
CD_2_saida,C_2,8,135,111,34
CD_2_saida,C_2,9,190,92,40
CD_2_saida,C_3,0,94,87,68
CD_2_saida,C_3,1,101,81,67
CD_2_saida,C_3,2,117,81,82
CD_2_saida,C_3,3,171,68,67
CD_2_saida,C_3,4,131,42,65
CD_2_saida,C_3,5,88,24,70
CD_2_saida,C_3,6,153,104,57
CD_2_saida,C_3,7,100,91,60
CD_2_saida,C_3,8,130,27,85
CD_2_saida,C_3,9,105,62,74
CD_2_saida,C_4,0,129,103,36
CD_2_saida,C_4,1,64,40,39
CD_2_saida,C_4,2,157,25,96
CD_2_saida,C_4,3,91,55,27
CD_2_saida,C_4,4,94,32,46
CD_2_saida,C_4,5,92,91,85
CD_2_saida,C_4,6,131,87,18
CD_2_saida,C_4,7,139,76,46
CD_2_saida,C_4,8,95,29,61
CD_2_saida,C_4,9,42,86,14
CD_2_saida,C_5,0,157,45,37
CD_2_saida,C_5,1,56,106,31
CD_2_saida,C_5,2,78,64,40
CD_2_saida,C_5,3,114,41,40
CD_2_saida,C_5,4,137,48,96
CD_2_saida,C_5,5,106,28,16
CD_2_saida,C_5,6,38,40,40
CD_2_saida,C_5,7,56,99,60
CD_2_saida,C_5,8,76,42,52
CD_2_saida,C_5,9,128,78,62
CD_2_saida,C_6,0,96,56,50
CD_2_saida,C_6,1,81,68,23
CD_2_saida,C_6,2,56,90,17
CD_2_saida,C_6,3,143,70,19
CD_2_saida,C_6,4,98,71,44
CD_2_saida,C_6,5,111,76,49
CD_2_saida,C_6,6,38,36,11
CD_2_saida,C_6,7,76,38,48
CD_2_saida,C_6,8,116,41,87
CD_2_saida,C_6,9,134,110,56
CD_2_saida,C_7,0,44,35,32
CD_2_saida,C_7,1,122,68,45
CD_2_saida,C_7,2,81,63,27
CD_2_saida,C_7,3,74,66,88
CD_2_saida,C_7,4,118,61,93
CD_2_saida,C_7,5,170,91,86
CD_2_saida,C_7,6,185,18,95
CD_2_saida,C_7,7,74,44,32
CD_2_saida,C_7,8,117,89,32
CD_2_saida,C_7,9,155,24,87
CD_2_saida,C_8,0,138,101,83
CD_2_saida,C_8,1,117,89,55
CD_2_saida,C_8,2,74,76,11
CD_2_saida,C_8,3,110,45,47
CD_2_saida,C_8,4,59,22,96
CD_2_saida,C_8,5,102,31,88
CD_2_saida,C_8,6,63,103,78
CD_2_saida,C_8,7,116,60,62
CD_2_saida,C_8,8,116,31,51
CD_2_saida,C_8,9,104,92,31
CD_2_saida,C_9,0,111,61,93
CD_2_saida,C_9,1,94,80,87
CD_2_saida,C_9,2,116,80,82
CD_2_saida,C_9,3,117,23,88
CD_2_saida,C_9,4,156,40,35
CD_2_saida,C_9,5,118,46,40
CD_2_saida,C_9,6,92,48,31
CD_2_saida,C_9,7,135,49,56
CD_2_saida,C_9,8,86,99,28
CD_2_saida,C_9,9,76,38,67
CD_2_saida,C_10,0,64,94,31
CD_2_saida,C_10,1,142,28,14
CD_2_saida,C_10,2,50,50,56
CD_2_saida,C_10,3,120,78,83
CD_2_saida,C_10,4,128,49,21
CD_2_saida,C_10,5,89,80,33
CD_2_saida,C_10,6,133,16,20
CD_2_saida,C_10,7,139,72,86
CD_2_saida,C_10,8,53,28,42
CD_2_saida,C_10,9,183,100,46
CD_2_saida,C_11,0,107,92,73
CD_2_saida,C_11,1,182,17,97
CD_2_saida,C_11,2,79,20,91
CD_2_saida,C_11,3,102,77,33
CD_2_saida,C_11,4,114,60,36
CD_2_saida,C_11,5,111,37,84
CD_2_saida,C_11,6,119,59,44
CD_2_saida,C_11,7,104,73,34
CD_2_saida,C_11,8,138,55,29
CD_2_saida,C_11,9,99,86,29
CD_2_saida,C_12,0,173,84,87
CD_2_saida,C_12,1,68,45,77
CD_2_saida,C_12,2,161,82,11
CD_2_saida,C_12,3,145,54,52
CD_2_saida,C_12,4,75,21,60
CD_2_saida,C_12,5,120,47,54
CD_2_saida,C_12,6,160,64,87
CD_2_saida,C_12,7,172,27,76
CD_2_saida,C_12,8,79,25,11
CD_2_saida,C_12,9,47,74,14
CD_2_saida,C_13,0,106,26,71
CD_2_saida,C_13,1,190,31,35
CD_2_saida,C_13,2,164,66,72
CD_2_saida,C_13,3,69,27,79
CD_2_saida,C_13,4,125,107,17
CD_2_saida,C_13,5,45,59,39
CD_2_saida,C_13,6,110,75,83
CD_2_saida,C_13,7,33,92,19
CD_2_saida,C_13,8,82,61,90
CD_2_saida,C_13,9,163,63,36
CD_2_saida,C_14,0,86,64,98
CD_2_saida,C_14,1,113,73,98
CD_2_saida,C_14,2,39,90,67
CD_2_saida,C_14,3,178,95,76
CD_2_saida,C_14,4,87,32,57
CD_2_saida,C_14,5,114,86,22
CD_2_saida,C_14,6,54,27,84
CD_2_saida,C_14,7,103,96,47
CD_2_saida,C_14,8,163,22,69
CD_2_saida,C_14,9,111,86,58
CD_2_saida,C_15,0,100,94,45
CD_2_saida,C_15,1,94,38,67
CD_2_saida,C_15,2,84,83,42
CD_2_saida,C_15,3,146,94,50
CD_2_saida,C_15,4,90,82,95
CD_2_saida,C_15,5,93,55,76
CD_2_saida,C_15,6,116,33,75
CD_2_saida,C_15,7,117,39,22
CD_2_saida,C_15,8,98,47,25
CD_2_saida,C_15,9,146,26,39
CD_2_saida,C_16,0,134,64,33
CD_2_saida,C_16,1,97,36,44
CD_2_saida,C_16,2,61,36,72
CD_2_saida,C_16,3,139,99,18
CD_2_saida,C_16,4,133,76,50
CD_2_saida,C_16,5,116,110,46
CD_2_saida,C_16,6,132,30,16
CD_2_saida,C_16,7,150,36,49
CD_2_saida,C_16,8,40,74,76
CD_2_saida,C_16,9,74,86,57
CD_2_saida,C_17,0,118,93,36
CD_2_saida,C_17,1,121,81,51
CD_2_saida,C_17,2,166,63,60
CD_2_saida,C_17,3,31,64,95
CD_2_saida,C_17,4,97,43,64
CD_2_saida,C_17,5,96,79,26
CD_2_saida,C_17,6,117,90,88
CD_2_saida,C_17,7,108,55,70
CD_2_saida,C_17,8,181,102,46
CD_2_saida,C_17,9,117,104,49
CD_2_saida,C_18,0,72,99,57
CD_2_saida,C_18,1,172,97,21
CD_2_saida,C_18,2,60,94,95
CD_2_saida,C_18,3,92,27,20
CD_2_saida,C_18,4,140,68,18
CD_2_saida,C_18,5,91,54,20
CD_2_saida,C_18,6,121,26,83
CD_2_saida,C_18,7,144,83,66
CD_2_saida,C_18,8,132,108,86
CD_2_saida,C_18,9,157,59,90
CD_2_saida,C_19,0,90,92,58
CD_2_saida,C_19,1,190,96,83
CD_2_saida,C_19,2,45,63,26
CD_2_saida,C_19,3,47,31,21
CD_2_saida,C_19,4,61,75,16
CD_2_saida,C_19,5,142,25,64
CD_2_saida,C_19,6,99,113,88
CD_2_saida,C_19,7,152,88,27
CD_2_saida,C_19,8,63,80,91
CD_2_saida,C_19,9,63,56,24
CD_3_saida,C_0,0,126,77,87
CD_3_saida,C_0,1,113,35,42
CD_3_saida,C_0,2,58,25,74
CD_3_saida,C_0,3,71,66,52
CD_3_saida,C_0,4,109,83,41
CD_3_saida,C_0,5,63,95,27
CD_3_saida,C_0,6,158,91,64
CD_3_saida,C_0,7,128,95,90
CD_3_saida,C_0,8,35,64,11
CD_3_saida,C_0,9,107,72,92
CD_3_saida,C_1,0,146,53,39
CD_3_saida,C_1,1,133,44,62
CD_3_saida,C_1,2,110,40,88
CD_3_saida,C_1,3,80,75,50
CD_3_saida,C_1,4,97,33,67
CD_3_saida,C_1,5,81,46,36
CD_3_saida,C_1,6,122,56,56
CD_3_saida,C_1,7,162,55,36
CD_3_saida,C_1,8,62,33,57
CD_3_saida,C_1,9,82,95,47
CD_3_saida,C_2,0,190,40,20
CD_3_saida,C_2,1,85,70,74
CD_3_saida,C_2,2,50,90,83
CD_3_saida,C_2,3,42,70,91
CD_3_saida,C_2,4,154,40,12
CD_3_saida,C_2,5,149,43,44
CD_3_saida,C_2,6,98,68,74
CD_3_saida,C_2,7,84,104,95
CD_3_saida,C_2,8,99,77,88
CD_3_saida,C_2,9,44,45,54
CD_3_saida,C_3,0,120,96,79
CD_3_saida,C_3,1,101,50,56
CD_3_saida,C_3,2,162,100,91
CD_3_saida,C_3,3,87,22,45
CD_3_saida,C_3,4,30,84,83
CD_3_saida,C_3,5,121,53,79
CD_3_saida,C_3,6,124,109,46
CD_3_saida,C_3,7,95,92,55
CD_3_saida,C_3,8,62,54,51
CD_3_saida,C_3,9,166,100,23
CD_3_saida,C_4,0,107,49,37
CD_3_saida,C_4,1,116,89,53
CD_3_saida,C_4,2,99,40,25
CD_3_saida,C_4,3,113,40,77
CD_3_saida,C_4,4,103,76,61
CD_3_saida,C_4,5,139,69,57
CD_3_saida,C_4,6,103,96,99
CD_3_saida,C_4,7,76,46,94
CD_3_saida,C_4,8,147,67,34
CD_3_saida,C_4,9,115,41,29
CD_3_saida,C_5,0,177,27,63
CD_3_saida,C_5,1,168,37,22
CD_3_saida,C_5,2,156,77,82
CD_3_saida,C_5,3,126,88,78
CD_3_saida,C_5,4,57,49,18
CD_3_saida,C_5,5,128,58,87
CD_3_saida,C_5,6,117,74,59
CD_3_saida,C_5,7,75,80,39
CD_3_saida,C_5,8,103,105,99
CD_3_saida,C_5,9,165,82,51
CD_3_saida,C_6,0,156,49,66
CD_3_saida,C_6,1,143,43,32
CD_3_saida,C_6,2,84,64,58
CD_3_saida,C_6,3,143,29,37
CD_3_saida,C_6,4,185,21,95
CD_3_saida,C_6,5,79,65,67
CD_3_saida,C_6,6,106,95,13
CD_3_saida,C_6,7,110,87,79
CD_3_saida,C_6,8,90,99,62
CD_3_saida,C_6,9,129,63,24
CD_3_saida,C_7,0,147,94,96
CD_3_saida,C_7,1,119,93,84
CD_3_saida,C_7,2,75,97,96
CD_3_saida,C_7,3,124,98,53
CD_3_saida,C_7,4,122,56,91
CD_3_saida,C_7,5,91,65,51
CD_3_saida,C_7,6,157,42,97
CD_3_saida,C_7,7,67,96,69
CD_3_saida,C_7,8,68,21,59
CD_3_saida,C_7,9,121,41,33
CD_3_saida,C_8,0,97,108,47
CD_3_saida,C_8,1,56,65,31
CD_3_saida,C_8,2,167,59,99
CD_3_saida,C_8,3,114,31,65
CD_3_saida,C_8,4,167,85,98
CD_3_saida,C_8,5,72,35,80
CD_3_saida,C_8,6,42,82,86
CD_3_saida,C_8,7,110,49,74
CD_3_saida,C_8,8,193,35,99
CD_3_saida,C_8,9,117,66,14
CD_3_saida,C_9,0,141,50,44
CD_3_saida,C_9,1,163,41,45
CD_3_saida,C_9,2,67,95,91
CD_3_saida,C_9,3,137,45,49
CD_3_saida,C_9,4,166,95,26
CD_3_saida,C_9,5,81,28,38
CD_3_saida,C_9,6,155,27,74
CD_3_saida,C_9,7,73,88,53
CD_3_saida,C_9,8,132,26,11
CD_3_saida,C_9,9,163,88,50
CD_3_saida,C_10,0,145,48,96
CD_3_saida,C_10,1,75,97,60
CD_3_saida,C_10,2,124,44,84
CD_3_saida,C_10,3,177,19,26
CD_3_saida,C_10,4,76,41,12
CD_3_saida,C_10,5,110,34,11
CD_3_saida,C_10,6,113,52,69
CD_3_saida,C_10,7,54,54,50
CD_3_saida,C_10,8,169,46,81
CD_3_saida,C_10,9,51,92,34
CD_3_saida,C_11,0,158,101,82
CD_3_saida,C_11,1,133,46,18
CD_3_saida,C_11,2,45,58,70
CD_3_saida,C_11,3,100,72,28
CD_3_saida,C_11,4,48,24,22
CD_3_saida,C_11,5,54,51,47
CD_3_saida,C_11,6,115,21,67
CD_3_saida,C_11,7,59,33,65
CD_3_saida,C_11,8,161,95,51
CD_3_saida,C_11,9,163,47,89
CD_3_saida,C_12,0,170,96,71
CD_3_saida,C_12,1,76,69,19
CD_3_saida,C_12,2,109,98,71
CD_3_saida,C_12,3,94,74,81
CD_3_saida,C_12,4,129,56,76
CD_3_saida,C_12,5,172,35,34
CD_3_saida,C_12,6,164,52,50
CD_3_saida,C_12,7,114,90,45
CD_3_saida,C_12,8,122,110,33
CD_3_saida,C_12,9,101,89,79
CD_3_saida,C_13,0,149,100,67
CD_3_saida,C_13,1,162,101,86
CD_3_saida,C_13,2,67,67,98
CD_3_saida,C_13,3,94,49,40
CD_3_saida,C_13,4,56,85,15
CD_3_saida,C_13,5,125,29,39
CD_3_saida,C_13,6,84,63,24
CD_3_saida,C_13,7,111,25,72
CD_3_saida,C_13,8,154,76,19
CD_3_saida,C_13,9,94,16,70
CD_3_saida,C_14,0,87,78,13
CD_3_saida,C_14,1,111,59,29
CD_3_saida,C_14,2,119,62,23
CD_3_saida,C_14,3,134,66,39
CD_3_saida,C_14,4,57,93,45
CD_3_saida,C_14,5,182,73,72
CD_3_saida,C_14,6,64,28,32
CD_3_saida,C_14,7,119,42,76
CD_3_saida,C_14,8,118,39,38
CD_3_saida,C_14,9,121,23,30
CD_3_saida,C_15,0,168,31,39
CD_3_saida,C_15,1,107,21,45
CD_3_saida,C_15,2,126,83,28
CD_3_saida,C_15,3,148,86,16
CD_3_saida,C_15,4,131,76,53
CD_3_saida,C_15,5,116,24,34
CD_3_saida,C_15,6,101,43,27
CD_3_saida,C_15,7,163,39,42
CD_3_saida,C_15,8,129,46,94
CD_3_saida,C_15,9,135,22,59
CD_3_saida,C_16,0,105,40,24
CD_3_saida,C_16,1,122,48,19
CD_3_saida,C_16,2,156,88,90
CD_3_saida,C_16,3,128,97,58
CD_3_saida,C_16,4,146,51,62
CD_3_saida,C_16,5,155,30,28
CD_3_saida,C_16,6,106,82,42
CD_3_saida,C_16,7,77,72,23
CD_3_saida,C_16,8,138,109,71
CD_3_saida,C_16,9,162,28,50
CD_3_saida,C_17,0,125,109,86
CD_3_saida,C_17,1,109,34,70
CD_3_saida,C_17,2,54,19,66
CD_3_saida,C_17,3,59,57,82
CD_3_saida,C_17,4,152,92,37
CD_3_saida,C_17,5,66,57,96
CD_3_saida,C_17,6,81,88,88
CD_3_saida,C_17,7,191,25,12
CD_3_saida,C_17,8,56,36,51
CD_3_saida,C_17,9,59,42,52
CD_3_saida,C_18,0,53,29,69
CD_3_saida,C_18,1,158,81,19
CD_3_saida,C_18,2,23,48,72
CD_3_saida,C_18,3,122,49,39
CD_3_saida,C_18,4,111,21,67
CD_3_saida,C_18,5,48,97,79
CD_3_saida,C_18,6,95,77,64
CD_3_saida,C_18,7,73,100,48
CD_3_saida,C_18,8,122,39,37
CD_3_saida,C_18,9,96,16,46
CD_3_saida,C_19,0,94,98,33
CD_3_saida,C_19,1,128,103,69
CD_3_saida,C_19,2,57,55,59
CD_3_saida,C_19,3,148,98,12
CD_3_saida,C_19,4,109,90,35
CD_3_saida,C_19,5,101,107,66
CD_3_saida,C_19,6,134,79,74
CD_3_saida,C_19,7,127,94,59
CD_3_saida,C_19,8,98,113,90
CD_3_saida,C_19,9,122,57,65
CD_4_saida,C_0,0,120,84,92
CD_4_saida,C_0,1,90,57,85
CD_4_saida,C_0,2,132,99,36
CD_4_saida,C_0,3,117,75,49
CD_4_saida,C_0,4,138,47,84
CD_4_saida,C_0,5,142,78,64
CD_4_saida,C_0,6,103,25,42
CD_4_saida,C_0,7,58,66,47
CD_4_saida,C_0,8,132,48,33
CD_4_saida,C_0,9,80,33,65
CD_4_saida,C_1,0,145,66,13
CD_4_saida,C_1,1,116,39,26
CD_4_saida,C_1,2,92,36,72
CD_4_saida,C_1,3,82,41,35
CD_4_saida,C_1,4,106,63,37
CD_4_saida,C_1,5,161,57,77
CD_4_saida,C_1,6,138,47,73
CD_4_saida,C_1,7,128,65,35
CD_4_saida,C_1,8,112,80,61
CD_4_saida,C_1,9,99,88,70
CD_4_saida,C_2,0,123,73,25
CD_4_saida,C_2,1,97,64,63
CD_4_saida,C_2,2,67,106,94
CD_4_saida,C_2,3,106,22,74
CD_4_saida,C_2,4,91,88,96
CD_4_saida,C_2,5,127,111,68
CD_4_saida,C_2,6,123,30,72
CD_4_saida,C_2,7,153,30,44
CD_4_saida,C_2,8,154,77,93
CD_4_saida,C_2,9,139,69,80
CD_4_saida,C_3,0,109,18,95
CD_4_saida,C_3,1,91,30,29
CD_4_saida,C_3,2,83,109,29
CD_4_saida,C_3,3,158,79,14
CD_4_saida,C_3,4,111,55,37
CD_4_saida,C_3,5,156,108,48
CD_4_saida,C_3,6,94,56,99
CD_4_saida,C_3,7,159,61,93
CD_4_saida,C_3,8,90,102,47
CD_4_saida,C_3,9,88,67,21
CD_4_saida,C_4,0,69,36,78
CD_4_saida,C_4,1,93,85,66
CD_4_saida,C_4,2,82,82,20
CD_4_saida,C_4,3,58,99,86
CD_4_saida,C_4,4,33,67,68
CD_4_saida,C_4,5,151,70,95
CD_4_saida,C_4,6,60,80,82
CD_4_saida,C_4,7,40,20,94
CD_4_saida,C_4,8,158,67,85
CD_4_saida,C_4,9,161,37,10
CD_4_saida,C_5,0,66,28,42
CD_4_saida,C_5,1,67,86,16
CD_4_saida,C_5,2,96,88,45
CD_4_saida,C_5,3,104,44,59
CD_4_saida,C_5,4,61,111,39
CD_4_saida,C_5,5,96,79,49
CD_4_saida,C_5,6,123,43,61
CD_4_saida,C_5,7,155,46,59
CD_4_saida,C_5,8,118,54,74
CD_4_saida,C_5,9,82,68,61
CD_4_saida,C_6,0,168,67,74
CD_4_saida,C_6,1,125,90,63
CD_4_saida,C_6,2,128,43,46
CD_4_saida,C_6,3,142,28,41
CD_4_saida,C_6,4,146,58,25
CD_4_saida,C_6,5,89,17,81
CD_4_saida,C_6,6,27,105,82
CD_4_saida,C_6,7,156,25,39
CD_4_saida,C_6,8,57,17,96
CD_4_saida,C_6,9,92,36,31
CD_4_saida,C_7,0,165,40,78
CD_4_saida,C_7,1,85,105,13
CD_4_saida,C_7,2,68,66,17
CD_4_saida,C_7,3,169,76,15
CD_4_saida,C_7,4,117,92,54
CD_4_saida,C_7,5,111,19,25
CD_4_saida,C_7,6,80,32,68
CD_4_saida,C_7,7,129,107,99
CD_4_saida,C_7,8,95,34,47
CD_4_saida,C_7,9,121,25,17
CD_4_saida,C_8,0,63,109,25
CD_4_saida,C_8,1,28,25,10
CD_4_saida,C_8,2,109,95,23
CD_4_saida,C_8,3,38,48,98
CD_4_saida,C_8,4,154,46,33
CD_4_saida,C_8,5,166,38,57
CD_4_saida,C_8,6,184,55,28
CD_4_saida,C_8,7,83,61,95
CD_4_saida,C_8,8,119,50,39
CD_4_saida,C_8,9,111,64,91
CD_4_saida,C_9,0,106,76,76
CD_4_saida,C_9,1,128,90,74
CD_4_saida,C_9,2,90,30,79
CD_4_saida,C_9,3,80,55,39
CD_4_saida,C_9,4,105,28,57
CD_4_saida,C_9,5,44,82,86
CD_4_saida,C_9,6,189,84,89
CD_4_saida,C_9,7,149,74,11
CD_4_saida,C_9,8,56,37,18
CD_4_saida,C_9,9,70,105,17
CD_4_saida,C_10,0,116,52,13
CD_4_saida,C_10,1,63,83,44
CD_4_saida,C_10,2,125,86,33
CD_4_saida,C_10,3,110,58,37
CD_4_saida,C_10,4,145,103,30
CD_4_saida,C_10,5,72,106,72
CD_4_saida,C_10,6,91,111,90
CD_4_saida,C_10,7,122,37,39
CD_4_saida,C_10,8,99,82,98
CD_4_saida,C_10,9,46,104,30
CD_4_saida,C_11,0,75,61,88
CD_4_saida,C_11,1,109,45,76
CD_4_saida,C_11,2,147,65,23
CD_4_saida,C_11,3,99,52,34
CD_4_saida,C_11,4,159,70,88
CD_4_saida,C_11,5,119,24,28
CD_4_saida,C_11,6,45,73,67
CD_4_saida,C_11,7,113,41,68
CD_4_saida,C_11,8,36,74,17
CD_4_saida,C_11,9,144,87,15
CD_4_saida,C_12,0,102,39,44
CD_4_saida,C_12,1,108,97,10
CD_4_saida,C_12,2,96,21,73
CD_4_saida,C_12,3,127,80,72
CD_4_saida,C_12,4,106,85,71
CD_4_saida,C_12,5,172,43,24
CD_4_saida,C_12,6,100,56,85
CD_4_saida,C_12,7,162,63,82
CD_4_saida,C_12,8,128,37,89
CD_4_saida,C_12,9,43,74,34
CD_4_saida,C_13,0,98,68,96
CD_4_saida,C_13,1,29,99,20
CD_4_saida,C_13,2,84,39,98
CD_4_saida,C_13,3,109,37,45
CD_4_saida,C_13,4,79,68,86
CD_4_saida,C_13,5,133,31,41
CD_4_saida,C_13,6,53,86,22
CD_4_saida,C_13,7,130,50,57
CD_4_saida,C_13,8,71,90,15
CD_4_saida,C_13,9,114,91,20
CD_4_saida,C_14,0,86,14,54
CD_4_saida,C_14,1,109,87,66
CD_4_saida,C_14,2,105,39,23
CD_4_saida,C_14,3,57,21,50
CD_4_saida,C_14,4,121,100,93
CD_4_saida,C_14,5,84,51,98
CD_4_saida,C_14,6,131,16,97
CD_4_saida,C_14,7,136,44,37
CD_4_saida,C_14,8,175,38,58
CD_4_saida,C_14,9,142,83,69
CD_4_saida,C_15,0,106,20,30
CD_4_saida,C_15,1,121,48,41
CD_4_saida,C_15,2,120,93,26
CD_4_saida,C_15,3,147,60,10
CD_4_saida,C_15,4,87,69,91
CD_4_saida,C_15,5,73,41,84
CD_4_saida,C_15,6,49,68,54
CD_4_saida,C_15,7,111,32,11
CD_4_saida,C_15,8,132,86,60
CD_4_saida,C_15,9,104,19,10
CD_4_saida,C_16,0,151,96,43
CD_4_saida,C_16,1,121,98,99
CD_4_saida,C_16,2,129,17,77
CD_4_saida,C_16,3,144,26,59
CD_4_saida,C_16,4,95,21,49
CD_4_saida,C_16,5,161,75,92
CD_4_saida,C_16,6,177,93,81
CD_4_saida,C_16,7,173,98,66
CD_4_saida,C_16,8,125,107,52
CD_4_saida,C_16,9,161,91,51
CD_4_saida,C_17,0,168,101,40
CD_4_saida,C_17,1,126,58,59
CD_4_saida,C_17,2,75,65,66
CD_4_saida,C_17,3,151,30,12
CD_4_saida,C_17,4,81,110,19
CD_4_saida,C_17,5,134,76,52
CD_4_saida,C_17,6,31,85,64
CD_4_saida,C_17,7,95,91,58
CD_4_saida,C_17,8,155,37,38
CD_4_saida,C_17,9,107,44,14
CD_4_saida,C_18,0,47,52,27
CD_4_saida,C_18,1,194,53,16
CD_4_saida,C_18,2,143,48,41
CD_4_saida,C_18,3,130,102,99
CD_4_saida,C_18,4,116,86,98
CD_4_saida,C_18,5,133,103,52
CD_4_saida,C_18,6,145,44,16
CD_4_saida,C_18,7,63,74,54
CD_4_saida,C_18,8,152,93,70
CD_4_saida,C_18,9,48,29,41
CD_4_saida,C_19,0,169,63,59
CD_4_saida,C_19,1,116,94,57
CD_4_saida,C_19,2,173,77,51
CD_4_saida,C_19,3,158,70,13
CD_4_saida,C_19,4,89,78,32
CD_4_saida,C_19,5,129,99,92
CD_4_saida,C_19,6,177,86,34
CD_4_saida,C_19,7,103,54,17
CD_4_saida,C_19,8,141,63,11
CD_4_saida,C_19,9,75,31,86
