tipo_de_arco;i;j;s;a;b;c;m;n
location;F_0_entrada;F_0_saida;0;98219;95;1000,0;0;0
location;F_0_entrada;F_0_saida;1;98219;93;1000,0;0;0
location;F_0_entrada;F_0_saida;2;98219;38;1000,0;0;0
location;F_0_entrada;F_0_saida;3;98219;77;1000,0;0;0
location;F_0_entrada;F_0_saida;4;98219;13;1000,0;0;0
location;F_0_entrada;F_0_saida;5;98219;83;1000,0;0;0
location;F_0_entrada;F_0_saida;6;98219;99;1000,0;0;0
location;F_0_entrada;F_0_saida;7;98219;44;1000,0;0;0
location;F_0_entrada;F_0_saida;8;98219;78;1000,0;0;0
location;F_0_entrada;F_0_saida;9;98219;61;1000,0;0;0
location;F_1_entrada;F_1_saida;0;87251;27;1000,0;0;0
location;F_1_entrada;F_1_saida;1;87251;24;1000,0;0;0
location;F_1_entrada;F_1_saida;2;87251;43;1000,0;0;0
location;F_1_entrada;F_1_saida;3;87251;68;1000,0;0;0
location;F_1_entrada;F_1_saida;4;87251;57;1000,0;0;0
location;F_1_entrada;F_1_saida;5;87251;90;1000,0;0;0
location;F_1_entrada;F_1_saida;6;87251;37;1000,0;0;0
location;F_1_entrada;F_1_saida;7;87251;14;1000,0;0;0
location;F_1_entrada;F_1_saida;8;87251;11;1000,0;0;0
location;F_1_entrada;F_1_saida;9;87251;67;1000,0;0;0
location;F_2_entrada;F_2_saida;0;92324;32;1000,0;0;0
location;F_2_entrada;F_2_saida;1;92324;15;1000,0;0;0
location;F_2_entrada;F_2_saida;2;92324;21;1000,0;0;0
location;F_2_entrada;F_2_saida;3;92324;94;1000,0;0;0
location;F_2_entrada;F_2_saida;4;92324;41;1000,0;0;0
location;F_2_entrada;F_2_saida;5;92324;10;1000,0;0;0
location;F_2_entrada;F_2_saida;6;92324;37;1000,0;0;0
location;F_2_entrada;F_2_saida;7;92324;95;1000,0;0;0
location;F_2_entrada;F_2_saida;8;92324;38;1000,0;0;0
location;F_2_entrada;F_2_saida;9;92324;26;1000,0;0;0
location;F_3_entrada;F_3_saida;0;59375;49;1000,0;0;0
location;F_3_entrada;F_3_saida;1;59375;28;1000,0;0;0
location;F_3_entrada;F_3_saida;2;59375;68;1000,0;0;0
location;F_3_entrada;F_3_saida;3;59375;38;1000,0;0;0
location;F_3_entrada;F_3_saida;4;59375;92;1000,0;0;0
location;F_3_entrada;F_3_saida;5;59375;36;1000,0;0;0
location;F_3_entrada;F_3_saida;6;59375;58;1000,0;0;0
location;F_3_entrada;F_3_saida;7;59375;49;1000,0;0;0
location;F_3_entrada;F_3_saida;8;59375;71;1000,0;0;0
location;F_3_entrada;F_3_saida;9;59375;28;1000,0;0;0
location;F_4_entrada;F_4_saida;0;64379;18;1000,0;0;0
location;F_4_entrada;F_4_saida;1;64379;80;1000,0;0;0
location;F_4_entrada;F_4_saida;2;64379;83;1000,0;0;0
location;F_4_entrada;F_4_saida;3;64379;55;1000,0;0;0
location;F_4_entrada;F_4_saida;4;64379;94;1000,0;0;0
location;F_4_entrada;F_4_saida;5;64379;55;1000,0;0;0
location;F_4_entrada;F_4_saida;6;64379;36;1000,0;0;0
location;F_4_entrada;F_4_saida;7;64379;64;1000,0;0;0
location;F_4_entrada;F_4_saida;8;64379;42;1000,0;0;0
location;F_4_entrada;F_4_saida;9;64379;21;1000,0;0;0
location;CD_0_entrada;CD_0_saida;0;43391;79;1000,0;0;0
location;CD_0_entrada;CD_0_saida;1;43391;79;1000,0;0;0
location;CD_0_entrada;CD_0_saida;2;43391;19;1000,0;0;0
location;CD_0_entrada;CD_0_saida;3;43391;31;1000,0;0;0
location;CD_0_entrada;CD_0_saida;4;43391;19;1000,0;0;0
location;CD_0_entrada;CD_0_saida;5;43391;16;1000,0;0;0
location;CD_0_entrada;CD_0_saida;6;43391;69;1000,0;0;0
location;CD_0_entrada;CD_0_saida;7;43391;44;1000,0;0;0
location;CD_0_entrada;CD_0_saida;8;43391;41;1000,0;0;0
location;CD_0_entrada;CD_0_saida;9;43391;85;1000,0;0;0
location;CD_1_entrada;CD_1_saida;0;89092;14;1000,0;0;0
location;CD_1_entrada;CD_1_saida;1;89092;62;1000,0;0;0
location;CD_1_entrada;CD_1_saida;2;89092;74;1000,0;0;0
location;CD_1_entrada;CD_1_saida;3;89092;73;1000,0;0;0
location;CD_1_entrada;CD_1_saida;4;89092;85;1000,0;0;0
location;CD_1_entrada;CD_1_saida;5;89092;90;1000,0;0;0
location;CD_1_entrada;CD_1_saida;6;89092;74;1000,0;0;0
location;CD_1_entrada;CD_1_saida;7;89092;23;1000,0;0;0
location;CD_1_entrada;CD_1_saida;8;89092;48;1000,0;0;0
location;CD_1_entrada;CD_1_saida;9;89092;13;1000,0;0;0
location;CD_2_entrada;CD_2_saida;0;73861;69;1000,0;0;0
location;CD_2_entrada;CD_2_saida;1;73861;25;1000,0;0;0
location;CD_2_entrada;CD_2_saida;2;73861;30;1000,0;0;0
location;CD_2_entrada;CD_2_saida;3;73861;52;1000,0;0;0
location;CD_2_entrada;CD_2_saida;4;73861;11;1000,0;0;0
location;CD_2_entrada;CD_2_saida;5;73861;24;1000,0;0;0
location;CD_2_entrada;CD_2_saida;6;73861;49;1000,0;0;0
location;CD_2_entrada;CD_2_saida;7;73861;66;1000,0;0;0
location;CD_2_entrada;CD_2_saida;8;73861;77;1000,0;0;0
location;CD_2_entrada;CD_2_saida;9;73861;57;1000,0;0;0
location;CD_3_entrada;CD_3_saida;0;46789;70;1000,0;0;0
location;CD_3_entrada;CD_3_saida;1;46789;85;1000,0;0;0
location;CD_3_entrada;CD_3_saida;2;46789;38;1000,0;0;0
location;CD_3_entrada;CD_3_saida;3;46789;71;1000,0;0;0
location;CD_3_entrada;CD_3_saida;4;46789;16;1000,0;0;0
location;CD_3_entrada;CD_3_saida;5;46789;97;1000,0;0;0
location;CD_3_entrada;CD_3_saida;6;46789;40;1000,0;0;0
location;CD_3_entrada;CD_3_saida;7;46789;89;1000,0;0;0
location;CD_3_entrada;CD_3_saida;8;46789;92;1000,0;0;0
location;CD_3_entrada;CD_3_saida;9;46789;86;1000,0;0;0
location;CD_4_entrada;CD_4_saida;0;77722;19;1000,0;0;0
location;CD_4_entrada;CD_4_saida;1;77722;21;1000,0;0;0
location;CD_4_entrada;CD_4_saida;2;77722;40;1000,0;0;0
location;CD_4_entrada;CD_4_saida;3;77722;15;1000,0;0;0
location;CD_4_entrada;CD_4_saida;4;77722;23;1000,0;0;0
location;CD_4_entrada;CD_4_saida;5;77722;21;1000,0;0;0
location;CD_4_entrada;CD_4_saida;6;77722;39;1000,0;0;0
location;CD_4_entrada;CD_4_saida;7;77722;28;1000,0;0;0
location;CD_4_entrada;CD_4_saida;8;77722;50;1000,0;0;0
location;CD_4_entrada;CD_4_saida;9;77722;82;1000,0;0;0
location;C_0_entrada;C_0_saida;0;35820;33;1000,0;0;0
location;C_0_entrada;C_0_saida;1;35820;52;1000,0;0;0
location;C_0_entrada;C_0_saida;2;35820;34;1000,0;0;0
location;C_0_entrada;C_0_saida;3;35820;10;1000,0;0;0
location;C_0_entrada;C_0_saida;4;35820;48;1000,0;0;0
location;C_0_entrada;C_0_saida;5;35820;55;1000,0;0;0
location;C_0_entrada;C_0_saida;6;35820;16;1000,0;0;0
location;C_0_entrada;C_0_saida;7;35820;95;1000,0;0;0
location;C_0_entrada;C_0_saida;8;35820;79;1000,0;0;0
location;C_0_entrada;C_0_saida;9;35820;52;1000,0;0;0
location;C_1_entrada;C_1_saida;0;77314;15;1000,0;0;0
location;C_1_entrada;C_1_saida;1;77314;39;1000,0;0;0
location;C_1_entrada;C_1_saida;2;77314;63;1000,0;0;0
location;C_1_entrada;C_1_saida;3;77314;94;1000,0;0;0
location;C_1_entrada;C_1_saida;4;77314;92;1000,0;0;0
location;C_1_entrada;C_1_saida;5;77314;50;1000,0;0;0
location;C_1_entrada;C_1_saida;6;77314;97;1000,0;0;0
location;C_1_entrada;C_1_saida;7;77314;26;1000,0;0;0
location;C_1_entrada;C_1_saida;8;77314;17;1000,0;0;0
location;C_1_entrada;C_1_saida;9;77314;77;1000,0;0;0
location;C_2_entrada;C_2_saida;0;18573;75;1000,0;0;0
location;C_2_entrada;C_2_saida;1;18573;25;1000,0;0;0
location;C_2_entrada;C_2_saida;2;18573;92;1000,0;0;0
location;C_2_entrada;C_2_saida;3;18573;67;1000,0;0;0
location;C_2_entrada;C_2_saida;4;18573;41;1000,0;0;0
location;C_2_entrada;C_2_saida;5;18573;68;1000,0;0;0
location;C_2_entrada;C_2_saida;6;18573;95;1000,0;0;0
location;C_2_entrada;C_2_saida;7;18573;61;1000,0;0;0
location;C_2_entrada;C_2_saida;8;18573;99;1000,0;0;0
location;C_2_entrada;C_2_saida;9;18573;67;1000,0;0;0
location;C_3_entrada;C_3_saida;0;45304;97;1000,0;0;0
location;C_3_entrada;C_3_saida;1;45304;22;1000,0;0;0
location;C_3_entrada;C_3_saida;2;45304;11;1000,0;0;0
location;C_3_entrada;C_3_saida;3;45304;92;1000,0;0;0
location;C_3_entrada;C_3_saida;4;45304;19;1000,0;0;0
location;C_3_entrada;C_3_saida;5;45304;27;1000,0;0;0
location;C_3_entrada;C_3_saida;6;45304;46;1000,0;0;0
location;C_3_entrada;C_3_saida;7;45304;32;1000,0;0;0
location;C_3_entrada;C_3_saida;8;45304;17;1000,0;0;0
location;C_3_entrada;C_3_saida;9;45304;49;1000,0;0;0
location;C_4_entrada;C_4_saida;0;36017;87;1000,0;0;0
location;C_4_entrada;C_4_saida;1;36017;94;1000,0;0;0
location;C_4_entrada;C_4_saida;2;36017;15;1000,0;0;0
location;C_4_entrada;C_4_saida;3;36017;57;1000,0;0;0
location;C_4_entrada;C_4_saida;4;36017;10;1000,0;0;0
location;C_4_entrada;C_4_saida;5;36017;48;1000,0;0;0
location;C_4_entrada;C_4_saida;6;36017;58;1000,0;0;0
location;C_4_entrada;C_4_saida;7;36017;13;1000,0;0;0
location;C_4_entrada;C_4_saida;8;36017;69;1000,0;0;0
location;C_4_entrada;C_4_saida;9;36017;68;1000,0;0;0
location;C_5_entrada;C_5_saida;0;92145;22;1000,0;0;0
location;C_5_entrada;C_5_saida;1;92145;53;1000,0;0;0
location;C_5_entrada;C_5_saida;2;92145;25;1000,0;0;0
location;C_5_entrada;C_5_saida;3;92145;47;1000,0;0;0
location;C_5_entrada;C_5_saida;4;92145;45;1000,0;0;0
location;C_5_entrada;C_5_saida;5;92145;57;1000,0;0;0
location;C_5_entrada;C_5_saida;6;92145;87;1000,0;0;0
location;C_5_entrada;C_5_saida;7;92145;32;1000,0;0;0
location;C_5_entrada;C_5_saida;8;92145;41;1000,0;0;0
location;C_5_entrada;C_5_saida;9;92145;44;1000,0;0;0
location;C_6_entrada;C_6_saida;0;26300;19;1000,0;0;0
location;C_6_entrada;C_6_saida;1;26300;10;1000,0;0;0
location;C_6_entrada;C_6_saida;2;26300;97;1000,0;0;0
location;C_6_entrada;C_6_saida;3;26300;35;1000,0;0;0
location;C_6_entrada;C_6_saida;4;26300;67;1000,0;0;0
location;C_6_entrada;C_6_saida;5;26300;15;1000,0;0;0
location;C_6_entrada;C_6_saida;6;26300;67;1000,0;0;0
location;C_6_entrada;C_6_saida;7;26300;95;1000,0;0;0
location;C_6_entrada;C_6_saida;8;26300;40;1000,0;0;0
location;C_6_entrada;C_6_saida;9;26300;62;1000,0;0;0
location;C_7_entrada;C_7_saida;0;94980;25;1000,0;0;0
location;C_7_entrada;C_7_saida;1;94980;58;1000,0;0;0
location;C_7_entrada;C_7_saida;2;94980;56;1000,0;0;0
location;C_7_entrada;C_7_saida;3;94980;73;1000,0;0;0
location;C_7_entrada;C_7_saida;4;94980;10;1000,0;0;0
location;C_7_entrada;C_7_saida;5;94980;89;1000,0;0;0
location;C_7_entrada;C_7_saida;6;94980;92;1000,0;0;0
location;C_7_entrada;C_7_saida;7;94980;93;1000,0;0;0
location;C_7_entrada;C_7_saida;8;94980;32;1000,0;0;0
location;C_7_entrada;C_7_saida;9;94980;70;1000,0;0;0
location;C_8_entrada;C_8_saida;0;40093;73;1000,0;0;0
location;C_8_entrada;C_8_saida;1;40093;63;1000,0;0;0
location;C_8_entrada;C_8_saida;2;40093;23;1000,0;0;0
location;C_8_entrada;C_8_saida;3;40093;89;1000,0;0;0
location;C_8_entrada;C_8_saida;4;40093;34;1000,0;0;0
location;C_8_entrada;C_8_saida;5;40093;53;1000,0;0;0
location;C_8_entrada;C_8_saida;6;40093;74;1000,0;0;0
location;C_8_entrada;C_8_saida;7;40093;96;1000,0;0;0
location;C_8_entrada;C_8_saida;8;40093;64;1000,0;0;0
location;C_8_entrada;C_8_saida;9;40093;55;1000,0;0;0
location;C_9_entrada;C_9_saida;0;57728;84;1000,0;0;0
location;C_9_entrada;C_9_saida;1;57728;96;1000,0;0;0
location;C_9_entrada;C_9_saida;2;57728;57;1000,0;0;0
location;C_9_entrada;C_9_saida;3;57728;74;1000,0;0;0
location;C_9_entrada;C_9_saida;4;57728;12;1000,0;0;0
location;C_9_entrada;C_9_saida;5;57728;51;1000,0;0;0
location;C_9_entrada;C_9_saida;6;57728;24;1000,0;0;0
location;C_9_entrada;C_9_saida;7;57728;11;1000,0;0;0
location;C_9_entrada;C_9_saida;8;57728;47;1000,0;0;0
location;C_9_entrada;C_9_saida;9;57728;57;1000,0;0;0
location;C_10_entrada;C_10_saida;0;70708;48;1000,0;0;0
location;C_10_entrada;C_10_saida;1;70708;57;1000,0;0;0
location;C_10_entrada;C_10_saida;2;70708;67;1000,0;0;0
location;C_10_entrada;C_10_saida;3;70708;26;1000,0;0;0
location;C_10_entrada;C_10_saida;4;70708;61;1000,0;0;0
location;C_10_entrada;C_10_saida;5;70708;81;1000,0;0;0
location;C_10_entrada;C_10_saida;6;70708;95;1000,0;0;0
location;C_10_entrada;C_10_saida;7;70708;19;1000,0;0;0
location;C_10_entrada;C_10_saida;8;70708;93;1000,0;0;0
location;C_10_entrada;C_10_saida;9;70708;60;1000,0;0;0
location;C_11_entrada;C_11_saida;0;53520;56;1000,0;0;0
location;C_11_entrada;C_11_saida;1;53520;42;1000,0;0;0
location;C_11_entrada;C_11_saida;2;53520;96;1000,0;0;0
location;C_11_entrada;C_11_saida;3;53520;97;1000,0;0;0
location;C_11_entrada;C_11_saida;4;53520;25;1000,0;0;0
location;C_11_entrada;C_11_saida;5;53520;59;1000,0;0;0
location;C_11_entrada;C_11_saida;6;53520;76;1000,0;0;0
location;C_11_entrada;C_11_saida;7;53520;51;1000,0;0;0
location;C_11_entrada;C_11_saida;8;53520;11;1000,0;0;0
location;C_11_entrada;C_11_saida;9;53520;59;1000,0;0;0
location;C_12_entrada;C_12_saida;0;63899;90;1000,0;0;0
location;C_12_entrada;C_12_saida;1;63899;42;1000,0;0;0
location;C_12_entrada;C_12_saida;2;63899;90;1000,0;0;0
location;C_12_entrada;C_12_saida;3;63899;96;1000,0;0;0
location;C_12_entrada;C_12_saida;4;63899;95;1000,0;0;0
location;C_12_entrada;C_12_saida;5;63899;60;1000,0;0;0
location;C_12_entrada;C_12_saida;6;63899;10;1000,0;0;0
location;C_12_entrada;C_12_saida;7;63899;10;1000,0;0;0
location;C_12_entrada;C_12_saida;8;63899;96;1000,0;0;0
location;C_12_entrada;C_12_saida;9;63899;32;1000,0;0;0
location;C_13_entrada;C_13_saida;0;60538;72;1000,0;0;0
location;C_13_entrada;C_13_saida;1;60538;39;1000,0;0;0
location;C_13_entrada;C_13_saida;2;60538;28;1000,0;0;0
location;C_13_entrada;C_13_saida;3;60538;62;1000,0;0;0
location;C_13_entrada;C_13_saida;4;60538;97;1000,0;0;0
location;C_13_entrada;C_13_saida;5;60538;36;1000,0;0;0
location;C_13_entrada;C_13_saida;6;60538;44;1000,0;0;0
location;C_13_entrada;C_13_saida;7;60538;71;1000,0;0;0
location;C_13_entrada;C_13_saida;8;60538;94;1000,0;0;0
location;C_13_entrada;C_13_saida;9;60538;81;1000,0;0;0
location;C_14_entrada;C_14_saida;0;74215;45;1000,0;0;0
location;C_14_entrada;C_14_saida;1;74215;21;1000,0;0;0
location;C_14_entrada;C_14_saida;2;74215;83;1000,0;0;0
location;C_14_entrada;C_14_saida;3;74215;50;1000,0;0;0
location;C_14_entrada;C_14_saida;4;74215;33;1000,0;0;0
location;C_14_entrada;C_14_saida;5;74215;21;1000,0;0;0
location;C_14_entrada;C_14_saida;6;74215;99;1000,0;0;0
location;C_14_entrada;C_14_saida;7;74215;93;1000,0;0;0
location;C_14_entrada;C_14_saida;8;74215;17;1000,0;0;0
location;C_14_entrada;C_14_saida;9;74215;81;1000,0;0;0
location;C_15_entrada;C_15_saida;0;66939;43;1000,0;0;0
location;C_15_entrada;C_15_saida;1;66939;96;1000,0;0;0
location;C_15_entrada;C_15_saida;2;66939;11;1000,0;0;0
location;C_15_entrada;C_15_saida;3;66939;33;1000,0;0;0
location;C_15_entrada;C_15_saida;4;66939;52;1000,0;0;0
location;C_15_entrada;C_15_saida;5;66939;25;1000,0;0;0
location;C_15_entrada;C_15_saida;6;66939;77;1000,0;0;0
location;C_15_entrada;C_15_saida;7;66939;71;1000,0;0;0
location;C_15_entrada;C_15_saida;8;66939;81;1000,0;0;0
location;C_15_entrada;C_15_saida;9;66939;59;1000,0;0;0
location;C_16_entrada;C_16_saida;0;54363;33;1000,0;0;0
location;C_16_entrada;C_16_saida;1;54363;44;1000,0;0;0
location;C_16_entrada;C_16_saida;2;54363;52;1000,0;0;0
location;C_16_entrada;C_16_saida;3;54363;56;1000,0;0;0
location;C_16_entrada;C_16_saida;4;54363;17;1000,0;0;0
location;C_16_entrada;C_16_saida;5;54363;27;1000,0;0;0
location;C_16_entrada;C_16_saida;6;54363;84;1000,0;0;0
location;C_16_entrada;C_16_saida;7;54363;88;1000,0;0;0
location;C_16_entrada;C_16_saida;8;54363;64;1000,0;0;0
location;C_16_entrada;C_16_saida;9;54363;52;1000,0;0;0
location;C_17_entrada;C_17_saida;0;60233;77;1000,0;0;0
location;C_17_entrada;C_17_saida;1;60233;54;1000,0;0;0
location;C_17_entrada;C_17_saida;2;60233;55;1000,0;0;0
location;C_17_entrada;C_17_saida;3;60233;70;1000,0;0;0
location;C_17_entrada;C_17_saida;4;60233;25;1000,0;0;0
location;C_17_entrada;C_17_saida;5;60233;34;1000,0;0;0
location;C_17_entrada;C_17_saida;6;60233;16;1000,0;0;0
location;C_17_entrada;C_17_saida;7;60233;76;1000,0;0;0
location;C_17_entrada;C_17_saida;8;60233;25;1000,0;0;0
location;C_17_entrada;C_17_saida;9;60233;31;1000,0;0;0
location;C_18_entrada;C_18_saida;0;64789;62;1000,0;0;0
location;C_18_entrada;C_18_saida;1;64789;27;1000,0;0;0
location;C_18_entrada;C_18_saida;2;64789;25;1000,0;0;0
location;C_18_entrada;C_18_saida;3;64789;24;1000,0;0;0
location;C_18_entrada;C_18_saida;4;64789;43;1000,0;0;0
location;C_18_entrada;C_18_saida;5;64789;42;1000,0;0;0
location;C_18_entrada;C_18_saida;6;64789;23;1000,0;0;0
location;C_18_entrada;C_18_saida;7;64789;23;1000,0;0;0
location;C_18_entrada;C_18_saida;8;64789;83;1000,0;0;0
location;C_18_entrada;C_18_saida;9;64789;79;1000,0;0;0
location;C_19_entrada;C_19_saida;0;17841;77;1000,0;0;0
location;C_19_entrada;C_19_saida;1;17841;56;1000,0;0;0
location;C_19_entrada;C_19_saida;2;17841;71;1000,0;0;0
location;C_19_entrada;C_19_saida;3;17841;76;1000,0;0;0
location;C_19_entrada;C_19_saida;4;17841;84;1000,0;0;0
location;C_19_entrada;C_19_saida;5;17841;31;1000,0;0;0
location;C_19_entrada;C_19_saida;6;17841;35;1000,0;0;0
location;C_19_entrada;C_19_saida;7;17841;58;1000,0;0;0
location;C_19_entrada;C_19_saida;8;17841;86;1000,0;0;0
location;C_19_entrada;C_19_saida;9;17841;28;1000,0;0;0
transportation;F_0_saida;CD_0_entrada;0;0;140;0,0;51;87
transportation;F_0_saida;CD_0_entrada;1;0;138;0,0;63;27
transportation;F_0_saida;CD_0_entrada;2;0;116;0,0;27;99
transportation;F_0_saida;CD_0_entrada;3;0;166;0,0;25;99
transportation;F_0_saida;CD_0_entrada;4;0;153;0,0;101;54
transportation;F_0_saida;CD_0_entrada;5;0;118;0,0;60;56
transportation;F_0_saida;CD_0_entrada;6;0;86;0,0;83;19
transportation;F_0_saida;CD_0_entrada;7;0;93;0,0;67;33
transportation;F_0_saida;CD_0_entrada;8;0;132;0,0;103;91
transportation;F_0_saida;CD_0_entrada;9;0;111;0,0;63;77
transportation;F_0_saida;CD_1_entrada;0;0;57;0,0;30;89
transportation;F_0_saida;CD_1_entrada;1;0;56;0,0;74;29
transportation;F_0_saida;CD_1_entrada;2;0;125;0,0;110;69
transportation;F_0_saida;CD_1_entrada;3;0;127;0,0;22;23
transportation;F_0_saida;CD_1_entrada;4;0;83;0,0;49;52
transportation;F_0_saida;CD_1_entrada;5;0;69;0,0;65;29
transportation;F_0_saida;CD_1_entrada;6;0;142;0,0;78;52
transportation;F_0_saida;CD_1_entrada;7;0;132;0,0;40;23
transportation;F_0_saida;CD_1_entrada;8;0;159;0,0;82;53
transportation;F_0_saida;CD_1_entrada;9;0;143;0,0;33;20
transportation;F_0_saida;CD_2_entrada;0;0;88;0,0;110;91
transportation;F_0_saida;CD_2_entrada;1;0;64;0,0;100;15
transportation;F_0_saida;CD_2_entrada;2;0;147;0,0;108;39
transportation;F_0_saida;CD_2_entrada;3;0;168;0,0;29;91
transportation;F_0_saida;CD_2_entrada;4;0;128;0,0;31;99
transportation;F_0_saida;CD_2_entrada;5;0;95;0,0;97;87
transportation;F_0_saida;CD_2_entrada;6;0;43;0,0;23;68
transportation;F_0_saida;CD_2_entrada;7;0;97;0,0;58;75
transportation;F_0_saida;CD_2_entrada;8;0;52;0,0;37;47
transportation;F_0_saida;CD_2_entrada;9;0;119;0,0;48;47
transportation;F_0_saida;CD_3_entrada;0;0;145;0,0;55;96
transportation;F_0_saida;CD_3_entrada;1;0;165;0,0;48;49
transportation;F_0_saida;CD_3_entrada;2;0;128;0,0;94;26
transportation;F_0_saida;CD_3_entrada;3;0;154;0,0;21;82
transportation;F_0_saida;CD_3_entrada;4;0;144;0,0;62;73
transportation;F_0_saida;CD_3_entrada;5;0;101;0,0;110;47
transportation;F_0_saida;CD_3_entrada;6;0;127;0,0;31;10
transportation;F_0_saida;CD_3_entrada;7;0;49;0,0;63;28
transportation;F_0_saida;CD_3_entrada;8;0;188;0,0;89;96
transportation;F_0_saida;CD_3_entrada;9;0;170;0,0;84;33
transportation;F_0_saida;CD_4_entrada;0;0;108;0,0;49;25
transportation;F_0_saida;CD_4_entrada;1;0;76;0,0;29;79
transportation;F_0_saida;CD_4_entrada;2;0;65;0,0;40;20
transportation;F_0_saida;CD_4_entrada;3;0;119;0,0;102;18
transportation;F_0_saida;CD_4_entrada;4;0;122;0,0;50;50
transportation;F_0_saida;CD_4_entrada;5;0;68;0,0;46;62
transportation;F_0_saida;CD_4_entrada;6;0;86;0,0;36;54
transportation;F_0_saida;CD_4_entrada;7;0;140;0,0;69;29
transportation;F_0_saida;CD_4_entrada;8;0;163;0,0;20;14
transportation;F_0_saida;CD_4_entrada;9;0;167;0,0;108;15
transportation;F_1_saida;CD_0_entrada;0;0;160;0,0;92;16
transportation;F_1_saida;CD_0_entrada;1;0;66;0,0;86;70
transportation;F_1_saida;CD_0_entrada;2;0;113;0,0;75;25
transportation;F_1_saida;CD_0_entrada;3;0;155;0,0;103;79
transportation;F_1_saida;CD_0_entrada;4;0;101;0,0;106;81
transportation;F_1_saida;CD_0_entrada;5;0;109;0,0;93;81
transportation;F_1_saida;CD_0_entrada;6;0;177;0,0;80;68
transportation;F_1_saida;CD_0_entrada;7;0;71;0,0;62;80
transportation;F_1_saida;CD_0_entrada;8;0;106;0,0;45;89
transportation;F_1_saida;CD_0_entrada;9;0;33;0,0;31;10
transportation;F_1_saida;CD_1_entrada;0;0;150;0,0;74;52
transportation;F_1_saida;CD_1_entrada;1;0;170;0,0;105;43
transportation;F_1_saida;CD_1_entrada;2;0;104;0,0;56;86
transportation;F_1_saida;CD_1_entrada;3;0;70;0,0;57;42
transportation;F_1_saida;CD_1_entrada;4;0;68;0,0;48;30
transportation;F_1_saida;CD_1_entrada;5;0;102;0,0;84;84
transportation;F_1_saida;CD_1_entrada;6;0;73;0,0;55;99
transportation;F_1_saida;CD_1_entrada;7;0;100;0,0;34;47
transportation;F_1_saida;CD_1_entrada;8;0;119;0,0;11;19
transportation;F_1_saida;CD_1_entrada;9;0;127;0,0;82;94
transportation;F_1_saida;CD_2_entrada;0;0;76;0,0;70;50
transportation;F_1_saida;CD_2_entrada;1;0;109;0,0;68;27
transportation;F_1_saida;CD_2_entrada;2;0;98;0,0;80;27
transportation;F_1_saida;CD_2_entrada;3;0;124;0,0;24;59
transportation;F_1_saida;CD_2_entrada;4;0;117;0,0;35;89
transportation;F_1_saida;CD_2_entrada;5;0;122;0,0;55;20
transportation;F_1_saida;CD_2_entrada;6;0;130;0,0;33;19
transportation;F_1_saida;CD_2_entrada;7;0;140;0,0;50;14
transportation;F_1_saida;CD_2_entrada;8;0;132;0,0;27;92
transportation;F_1_saida;CD_2_entrada;9;0;126;0,0;58;29
transportation;F_1_saida;CD_3_entrada;0;0;163;0,0;107;63
transportation;F_1_saida;CD_3_entrada;1;0;52;0,0;81;52
transportation;F_1_saida;CD_3_entrada;2;0;80;0,0;62;84
transportation;F_1_saida;CD_3_entrada;3;0;182;0,0;33;94
transportation;F_1_saida;CD_3_entrada;4;0;104;0,0;28;58
transportation;F_1_saida;CD_3_entrada;5;0;105;0,0;54;56
transportation;F_1_saida;CD_3_entrada;6;0;155;0,0;32;29
transportation;F_1_saida;CD_3_entrada;7;0;175;0,0;93;11
transportation;F_1_saida;CD_3_entrada;8;0;41;0,0;68;62
transportation;F_1_saida;CD_3_entrada;9;0;56;0,0;61;11
transportation;F_1_saida;CD_4_entrada;0;0;60;0,0;111;84
transportation;F_1_saida;CD_4_entrada;1;0;100;0,0;28;66
transportation;F_1_saida;CD_4_entrada;2;0;151;0,0;83;60
transportation;F_1_saida;CD_4_entrada;3;0;108;0,0;99;86
transportation;F_1_saida;CD_4_entrada;4;0;136;0,0;27;34
transportation;F_1_saida;CD_4_entrada;5;0;118;0,0;112;93
transportation;F_1_saida;CD_4_entrada;6;0;106;0,0;89;28
transportation;F_1_saida;CD_4_entrada;7;0;169;0,0;45;11
transportation;F_1_saida;CD_4_entrada;8;0;121;0,0;90;96
transportation;F_1_saida;CD_4_entrada;9;0;128;0,0;54;16
transportation;F_2_saida;CD_0_entrada;0;0;164;0,0;71;91
transportation;F_2_saida;CD_0_entrada;1;0;113;0,0;88;55
transportation;F_2_saida;CD_0_entrada;2;0;111;0,0;90;20
transportation;F_2_saida;CD_0_entrada;3;0;75;0,0;88;74
transportation;F_2_saida;CD_0_entrada;4;0;89;0,0;100;52
transportation;F_2_saida;CD_0_entrada;5;0;139;0,0;68;67
transportation;F_2_saida;CD_0_entrada;6;0;63;0,0;40;42
transportation;F_2_saida;CD_0_entrada;7;0;143;0,0;52;64
transportation;F_2_saida;CD_0_entrada;8;0;94;0,0;94;61
transportation;F_2_saida;CD_0_entrada;9;0;106;0,0;81;30
transportation;F_2_saida;CD_1_entrada;0;0;137;0,0;57;57
transportation;F_2_saida;CD_1_entrada;1;0;72;0,0;44;48
transportation;F_2_saida;CD_1_entrada;2;0;152;0,0;39;78
transportation;F_2_saida;CD_1_entrada;3;0;146;0,0;89;12
transportation;F_2_saida;CD_1_entrada;4;0;176;0,0;43;93
transportation;F_2_saida;CD_1_entrada;5;0;47;0,0;71;71
transportation;F_2_saida;CD_1_entrada;6;0;74;0,0;47;69
transportation;F_2_saida;CD_1_entrada;7;0;97;0,0;84;16
transportation;F_2_saida;CD_1_entrada;8;0;171;0,0;68;24
transportation;F_2_saida;CD_1_entrada;9;0;57;0,0;45;36
transportation;F_2_saida;CD_2_entrada;0;0;128;0,0;56;19
transportation;F_2_saida;CD_2_entrada;1;0;48;0,0;63;81
transportation;F_2_saida;CD_2_entrada;2;0;73;0,0;74;36
transportation;F_2_saida;CD_2_entrada;3;0;173;0,0;72;91
transportation;F_2_saida;CD_2_entrada;4;0;99;0,0;84;54
transportation;F_2_saida;CD_2_entrada;5;0;58;0,0;73;43
transportation;F_2_saida;CD_2_entrada;6;0;75;0,0;55;26
transportation;F_2_saida;CD_2_entrada;7;0;177;0,0;33;12
transportation;F_2_saida;CD_2_entrada;8;0;102;0,0;108;53
transportation;F_2_saida;CD_2_entrada;9;0;61;0,0;64;61
transportation;F_2_saida;CD_3_entrada;0;0;142;0,0;80;10
transportation;F_2_saida;CD_3_entrada;1;0;162;0,0;52;87
transportation;F_2_saida;CD_3_entrada;2;0;126;0,0;42;75
transportation;F_2_saida;CD_3_entrada;3;0;189;0,0;30;43
transportation;F_2_saida;CD_3_entrada;4;0;88;0,0;47;53
transportation;F_2_saida;CD_3_entrada;5;0;155;0,0;97;79
transportation;F_2_saida;CD_3_entrada;6;0;97;0,0;21;85
transportation;F_2_saida;CD_3_entrada;7;0;146;0,0;105;19
transportation;F_2_saida;CD_3_entrada;8;0;124;0,0;81;56
transportation;F_2_saida;CD_3_entrada;9;0;157;0,0;66;14
transportation;F_2_saida;CD_4_entrada;0;0;164;0,0;26;47
transportation;F_2_saida;CD_4_entrada;1;0;108;0,0;89;23
transportation;F_2_saida;CD_4_entrada;2;0;50;0,0;35;27
transportation;F_2_saida;CD_4_entrada;3;0;117;0,0;91;34
transportation;F_2_saida;CD_4_entrada;4;0;113;0,0;57;47
transportation;F_2_saida;CD_4_entrada;5;0;134;0,0;54;66
transportation;F_2_saida;CD_4_entrada;6;0;112;0,0;57;21
transportation;F_2_saida;CD_4_entrada;7;0;91;0,0;71;50
transportation;F_2_saida;CD_4_entrada;8;0;127;0,0;53;57
transportation;F_2_saida;CD_4_entrada;9;0;112;0,0;91;78
transportation;F_3_saida;CD_0_entrada;0;0;124;0,0;55;91
transportation;F_3_saida;CD_0_entrada;1;0;22;0,0;35;67
transportation;F_3_saida;CD_0_entrada;2;0;128;0,0;38;30
transportation;F_3_saida;CD_0_entrada;3;0;97;0,0;80;17
transportation;F_3_saida;CD_0_entrada;4;0;85;0,0;47;14
transportation;F_3_saida;CD_0_entrada;5;0;57;0,0;48;93
transportation;F_3_saida;CD_0_entrada;6;0;74;0,0;82;92
transportation;F_3_saida;CD_0_entrada;7;0;66;0,0;43;40
transportation;F_3_saida;CD_0_entrada;8;0;45;0,0;28;43
transportation;F_3_saida;CD_0_entrada;9;0;69;0,0;81;56
transportation;F_3_saida;CD_1_entrada;0;0;70;0,0;22;73
transportation;F_3_saida;CD_1_entrada;1;0;112;0,0;23;35
transportation;F_3_saida;CD_1_entrada;2;0;197;0,0;69;14
transportation;F_3_saida;CD_1_entrada;3;0;50;0,0;91;69
transportation;F_3_saida;CD_1_entrada;4;0;34;0,0;21;84
transportation;F_3_saida;CD_1_entrada;5;0;60;0,0;48;25
transportation;F_3_saida;CD_1_entrada;6;0;134;0,0;72;51
transportation;F_3_saida;CD_1_entrada;7;0;81;0,0;49;49
transportation;F_3_saida;CD_1_entrada;8;0;68;0,0;94;69
transportation;F_3_saida;CD_1_entrada;9;0;71;0,0;33;14
transportation;F_3_saida;CD_2_entrada;0;0;129;0,0;19;63
transportation;F_3_saida;CD_2_entrada;1;0;126;0,0;82;13
transportation;F_3_saida;CD_2_entrada;2;0;114;0,0;57;26
transportation;F_3_saida;CD_2_entrada;3;0;147;0,0;93;45
transportation;F_3_saida;CD_2_entrada;4;0;154;0,0;67;91
transportation;F_3_saida;CD_2_entrada;5;0;128;0,0;90;98
transportation;F_3_saida;CD_2_entrada;6;0;122;0,0;31;88
transportation;F_3_saida;CD_2_entrada;7;0;114;0,0;52;95
transportation;F_3_saida;CD_2_entrada;8;0;142;0,0;72;73
transportation;F_3_saida;CD_2_entrada;9;0;119;0,0;47;25
transportation;F_3_saida;CD_3_entrada;0;0;72;0,0;98;99
transportation;F_3_saida;CD_3_entrada;1;0;98;0,0;72;82
transportation;F_3_saida;CD_3_entrada;2;0;126;0,0;55;10
transportation;F_3_saida;CD_3_entrada;3;0;60;0,0;56;24
transportation;F_3_saida;CD_3_entrada;4;0;82;0,0;22;48
transportation;F_3_saida;CD_3_entrada;5;0;128;0,0;42;23
transportation;F_3_saida;CD_3_entrada;6;0;112;0,0;80;48
transportation;F_3_saida;CD_3_entrada;7;0;119;0,0;93;63
transportation;F_3_saida;CD_3_entrada;8;0;104;0,0;89;13
transportation;F_3_saida;CD_3_entrada;9;0;117;0,0;60;11
transportation;F_3_saida;CD_4_entrada;0;0;71;0,0;84;87
transportation;F_3_saida;CD_4_entrada;1;0;170;0,0;79;74
transportation;F_3_saida;CD_4_entrada;2;0;106;0,0;40;71
transportation;F_3_saida;CD_4_entrada;3;0;146;0,0;87;46
transportation;F_3_saida;CD_4_entrada;4;0;76;0,0;74;96
transportation;F_3_saida;CD_4_entrada;5;0;137;0,0;93;15
transportation;F_3_saida;CD_4_entrada;6;0;90;0,0;91;46
transportation;F_3_saida;CD_4_entrada;7;0;81;0,0;59;37
transportation;F_3_saida;CD_4_entrada;8;0;145;0,0;67;81
transportation;F_3_saida;CD_4_entrada;9;0;88;0,0;28;50
transportation;F_4_saida;CD_0_entrada;0;0;105;0,0;54;16
transportation;F_4_saida;CD_0_entrada;1;0;72;0,0;43;60
transportation;F_4_saida;CD_0_entrada;2;0;82;0,0;25;41
transportation;F_4_saida;CD_0_entrada;3;0;138;0,0;58;86
transportation;F_4_saida;CD_0_entrada;4;0;120;0,0;77;47
transportation;F_4_saida;CD_0_entrada;5;0;53;0,0;87;47
transportation;F_4_saida;CD_0_entrada;6;0;95;0,0;58;17
transportation;F_4_saida;CD_0_entrada;7;0;114;0,0;33;53
transportation;F_4_saida;CD_0_entrada;8;0;150;0,0;33;65
transportation;F_4_saida;CD_0_entrada;9;0;112;0,0;33;79
transportation;F_4_saida;CD_1_entrada;0;0;143;0,0;49;73
transportation;F_4_saida;CD_1_entrada;1;0;154;0,0;88;47
transportation;F_4_saida;CD_1_entrada;2;0;84;0,0;21;34
transportation;F_4_saida;CD_1_entrada;3;0;46;0,0;76;87
transportation;F_4_saida;CD_1_entrada;4;0;106;0,0;53;52
transportation;F_4_saida;CD_1_entrada;5;0;77;0,0;21;20
transportation;F_4_saida;CD_1_entrada;6;0;153;0,0;19;32
transportation;F_4_saida;CD_1_entrada;7;0;76;0,0;26;19
transportation;F_4_saida;CD_1_entrada;8;0;127;0,0;37;65
transportation;F_4_saida;CD_1_entrada;9;0;106;0,0;59;75
transportation;F_4_saida;CD_2_entrada;0;0;98;0,0;40;21
transportation;F_4_saida;CD_2_entrada;1;0;39;0,0;94;11
transportation;F_4_saida;CD_2_entrada;2;0;130;0,0;68;21
transportation;F_4_saida;CD_2_entrada;3;0;30;0,0;24;65
transportation;F_4_saida;CD_2_entrada;4;0;118;0,0;35;36
transportation;F_4_saida;CD_2_entrada;5;0;35;0,0;77;59
transportation;F_4_saida;CD_2_entrada;6;0;73;0,0;104;93
transportation;F_4_saida;CD_2_entrada;7;0;104;0,0;69;73
transportation;F_4_saida;CD_2_entrada;8;0;143;0,0;89;50
transportation;F_4_saida;CD_2_entrada;9;0;145;0,0;67;77
transportation;F_4_saida;CD_3_entrada;0;0;57;0,0;56;57
transportation;F_4_saida;CD_3_entrada;1;0;151;0,0;20;16
transportation;F_4_saida;CD_3_entrada;2;0;90;0,0;57;83
transportation;F_4_saida;CD_3_entrada;3;0;55;0,0;107;75
transportation;F_4_saida;CD_3_entrada;4;0;93;0,0;88;12
transportation;F_4_saida;CD_3_entrada;5;0;116;0,0;52;46
transportation;F_4_saida;CD_3_entrada;6;0;128;0,0;34;70
transportation;F_4_saida;CD_3_entrada;7;0;98;0,0;49;48
transportation;F_4_saida;CD_3_entrada;8;0;153;0,0;72;79
transportation;F_4_saida;CD_3_entrada;9;0;114;0,0;33;56
transportation;F_4_saida;CD_4_entrada;0;0;89;0,0;43;98
transportation;F_4_saida;CD_4_entrada;1;0;86;0,0;104;90
transportation;F_4_saida;CD_4_entrada;2;0;91;0,0;55;85
transportation;F_4_saida;CD_4_entrada;3;0;130;0,0;59;24
transportation;F_4_saida;CD_4_entrada;4;0;158;0,0;21;64
transportation;F_4_saida;CD_4_entrada;5;0;89;0,0;82;25
transportation;F_4_saida;CD_4_entrada;6;0;117;0,0;56;14
transportation;F_4_saida;CD_4_entrada;7;0;162;0,0;101;92
transportation;F_4_saida;CD_4_entrada;8;0;149;0,0;51;85
transportation;F_4_saida;CD_4_entrada;9;0;115;0,0;47;14
transportation;CD_0_saida;CD_1_entrada;0;0;137;0,0;59;64
transportation;CD_0_saida;CD_1_entrada;1;0;68;0,0;45;82
transportation;CD_0_saida;CD_1_entrada;2;0;146;0,0;61;45
transportation;CD_0_saida;CD_1_entrada;3;0;99;0,0;82;29
transportation;CD_0_saida;CD_1_entrada;4;0;154;0,0;37;46
transportation;CD_0_saida;CD_1_entrada;5;0;109;0,0;92;26
transportation;CD_0_saida;CD_1_entrada;6;0;106;0,0;72;61
transportation;CD_0_saida;CD_1_entrada;7;0;105;0,0;79;10
transportation;CD_0_saida;CD_1_entrada;8;0;104;0,0;79;93
transportation;CD_0_saida;CD_1_entrada;9;0;70;0,0;42;10
transportation;CD_0_saida;CD_2_entrada;0;0;105;0,0;104;51
transportation;CD_0_saida;CD_2_entrada;1;0;100;0,0;51;90
transportation;CD_0_saida;CD_2_entrada;2;0;66;0,0;80;60
transportation;CD_0_saida;CD_2_entrada;3;0;158;0,0;79;44
transportation;CD_0_saida;CD_2_entrada;4;0;143;0,0;46;74
transportation;CD_0_saida;CD_2_entrada;5;0;81;0,0;27;98
transportation;CD_0_saida;CD_2_entrada;6;0;155;0,0;60;75
transportation;CD_0_saida;CD_2_entrada;7;0;134;0,0;100;12
transportation;CD_0_saida;CD_2_entrada;8;0;46;0,0;55;23
transportation;CD_0_saida;CD_2_entrada;9;0;112;0,0;88;89
transportation;CD_0_saida;CD_3_entrada;0;0;162;0,0;87;26
transportation;CD_0_saida;CD_3_entrada;1;0;42;0,0;79;84
transportation;CD_0_saida;CD_3_entrada;2;0;48;0,0;63;39
transportation;CD_0_saida;CD_3_entrada;3;0;90;0,0;63;47
transportation;CD_0_saida;CD_3_entrada;4;0;104;0,0;66;23
transportation;CD_0_saida;CD_3_entrada;5;0;82;0,0;61;99
transportation;CD_0_saida;CD_3_entrada;6;0;152;0,0;108;62
transportation;CD_0_saida;CD_3_entrada;7;0;38;0,0;59;84
transportation;CD_0_saida;CD_3_entrada;8;0;134;0,0;98;60
transportation;CD_0_saida;CD_3_entrada;9;0;135;0,0;55;69
transportation;CD_0_saida;CD_4_entrada;0;0;184;0,0;95;90
transportation;CD_0_saida;CD_4_entrada;1;0;94;0,0;28;54
transportation;CD_0_saida;CD_4_entrada;2;0;106;0,0;97;59
transportation;CD_0_saida;CD_4_entrada;3;0;38;0,0;74;64
transportation;CD_0_saida;CD_4_entrada;4;0;99;0,0;63;94
transportation;CD_0_saida;CD_4_entrada;5;0;97;0,0;21;50
transportation;CD_0_saida;CD_4_entrada;6;0;127;0,0;106;15
transportation;CD_0_saida;CD_4_entrada;7;0;111;0,0;63;79
transportation;CD_0_saida;CD_4_entrada;8;0;160;0,0;76;66
transportation;CD_0_saida;CD_4_entrada;9;0;127;0,0;78;70
transportation;CD_1_saida;CD_0_entrada;0;0;122;0,0;57;33
transportation;CD_1_saida;CD_0_entrada;1;0;90;0,0;58;40
transportation;CD_1_saida;CD_0_entrada;2;0;146;0,0;85;28
transportation;CD_1_saida;CD_0_entrada;3;0;82;0,0;21;49
transportation;CD_1_saida;CD_0_entrada;4;0;115;0,0;54;58
transportation;CD_1_saida;CD_0_entrada;5;0;111;0,0;38;19
transportation;CD_1_saida;CD_0_entrada;6;0;82;0,0;55;83
transportation;CD_1_saida;CD_0_entrada;7;0;162;0,0;71;35
transportation;CD_1_saida;CD_0_entrada;8;0;126;0,0;37;68
transportation;CD_1_saida;CD_0_entrada;9;0;133;0,0;54;80
transportation;CD_1_saida;CD_2_entrada;0;0;116;0,0;56;36
transportation;CD_1_saida;CD_2_entrada;1;0;97;0,0;95;86
transportation;CD_1_saida;CD_2_entrada;2;0;136;0,0;91;13
transportation;CD_1_saida;CD_2_entrada;3;0;130;0,0;61;83
transportation;CD_1_saida;CD_2_entrada;4;0;118;0,0;88;33
transportation;CD_1_saida;CD_2_entrada;5;0;116;0,0;48;95
transportation;CD_1_saida;CD_2_entrada;6;0;95;0,0;95;15
transportation;CD_1_saida;CD_2_entrada;7;0;106;0,0;58;45
transportation;CD_1_saida;CD_2_entrada;8;0;143;0,0;82;10
transportation;CD_1_saida;CD_2_entrada;9;0;151;0,0;56;79
transportation;CD_1_saida;CD_3_entrada;0;0;141;0,0;86;63
transportation;CD_1_saida;CD_3_entrada;1;0;131;0,0;64;74
transportation;CD_1_saida;CD_3_entrada;2;0;70;0,0;22;58
transportation;CD_1_saida;CD_3_entrada;3;0;134;0,0;45;48
transportation;CD_1_saida;CD_3_entrada;4;0;108;0,0;35;60
transportation;CD_1_saida;CD_3_entrada;5;0;74;0,0;33;32
transportation;CD_1_saida;CD_3_entrada;6;0;55;0,0;101;85
transportation;CD_1_saida;CD_3_entrada;7;0;109;0,0;71;51
transportation;CD_1_saida;CD_3_entrada;8;0;135;0,0;39;56
transportation;CD_1_saida;CD_3_entrada;9;0;102;0,0;103;36
transportation;CD_1_saida;CD_4_entrada;0;0;126;0,0;104;12
transportation;CD_1_saida;CD_4_entrada;1;0;75;0,0;60;44
transportation;CD_1_saida;CD_4_entrada;2;0;73;0,0;76;77
transportation;CD_1_saida;CD_4_entrada;3;0;107;0,0;85;93
transportation;CD_1_saida;CD_4_entrada;4;0;57;0,0;90;49
transportation;CD_1_saida;CD_4_entrada;5;0;113;0,0;30;94
transportation;CD_1_saida;CD_4_entrada;6;0;92;0,0;100;52
transportation;CD_1_saida;CD_4_entrada;7;0;100;0,0;28;27
transportation;CD_1_saida;CD_4_entrada;8;0;90;0,0;58;38
transportation;CD_1_saida;CD_4_entrada;9;0;73;0,0;20;66
transportation;CD_2_saida;CD_0_entrada;0;0;73;0,0;39;59
transportation;CD_2_saida;CD_0_entrada;1;0;87;0,0;93;45
transportation;CD_2_saida;CD_0_entrada;2;0;79;0,0;102;47
transportation;CD_2_saida;CD_0_entrada;3;0;119;0,0;67;86
transportation;CD_2_saida;CD_0_entrada;4;0;105;0,0;52;73
transportation;CD_2_saida;CD_0_entrada;5;0;106;0,0;100;29
transportation;CD_2_saida;CD_0_entrada;6;0;140;0,0;33;55
transportation;CD_2_saida;CD_0_entrada;7;0;122;0,0;110;99
transportation;CD_2_saida;CD_0_entrada;8;0;96;0,0;18;29
transportation;CD_2_saida;CD_0_entrada;9;0;50;0,0;109;63
transportation;CD_2_saida;CD_1_entrada;0;0;79;0,0;36;67
transportation;CD_2_saida;CD_1_entrada;1;0;97;0,0;39;77
transportation;CD_2_saida;CD_1_entrada;2;0;55;0,0;19;69
transportation;CD_2_saida;CD_1_entrada;3;0;111;0,0;51;67
transportation;CD_2_saida;CD_1_entrada;4;0;173;0,0;65;74
transportation;CD_2_saida;CD_1_entrada;5;0;167;0,0;87;46
transportation;CD_2_saida;CD_1_entrada;6;0;78;0,0;30;35
transportation;CD_2_saida;CD_1_entrada;7;0;168;0,0;77;96
transportation;CD_2_saida;CD_1_entrada;8;0;85;0,0;70;51
transportation;CD_2_saida;CD_1_entrada;9;0;109;0,0;32;82
transportation;CD_2_saida;CD_3_entrada;0;0;127;0,0;37;58
transportation;CD_2_saida;CD_3_entrada;1;0;158;0,0;42;35
transportation;CD_2_saida;CD_3_entrada;2;0;198;0,0;54;43
transportation;CD_2_saida;CD_3_entrada;3;0;70;0,0;38;40
transportation;CD_2_saida;CD_3_entrada;4;0;86;0,0;89;38
transportation;CD_2_saida;CD_3_entrada;5;0;118;0,0;39;33
transportation;CD_2_saida;CD_3_entrada;6;0;106;0,0;74;55
transportation;CD_2_saida;CD_3_entrada;7;0;162;0,0;32;31
transportation;CD_2_saida;CD_3_entrada;8;0;106;0,0;84;70
transportation;CD_2_saida;CD_3_entrada;9;0;175;0,0;44;46
transportation;CD_2_saida;CD_4_entrada;0;0;63;0,0;46;13
transportation;CD_2_saida;CD_4_entrada;1;0;98;0,0;54;95
transportation;CD_2_saida;CD_4_entrada;2;0;122;0,0;101;82
transportation;CD_2_saida;CD_4_entrada;3;0;111;0,0;22;36
transportation;CD_2_saida;CD_4_entrada;4;0;26;0,0;64;67
transportation;CD_2_saida;CD_4_entrada;5;0;145;0,0;83;79
transportation;CD_2_saida;CD_4_entrada;6;0;84;0,0;41;50
transportation;CD_2_saida;CD_4_entrada;7;0;52;0,0;85;13
transportation;CD_2_saida;CD_4_entrada;8;0;94;0,0;75;43
transportation;CD_2_saida;CD_4_entrada;9;0;84;0,0;90;71
transportation;CD_3_saida;CD_0_entrada;0;0;151;0,0;46;52
transportation;CD_3_saida;CD_0_entrada;1;0;140;0,0;18;28
transportation;CD_3_saida;CD_0_entrada;2;0;120;0,0;103;58
transportation;CD_3_saida;CD_0_entrada;3;0;43;0,0;86;29
transportation;CD_3_saida;CD_0_entrada;4;0;51;0,0;24;28
transportation;CD_3_saida;CD_0_entrada;5;0;123;0,0;109;68
transportation;CD_3_saida;CD_0_entrada;6;0;119;0,0;96;20
transportation;CD_3_saida;CD_0_entrada;7;0;111;0,0;41;11
transportation;CD_3_saida;CD_0_entrada;8;0;64;0,0;10;90
transportation;CD_3_saida;CD_0_entrada;9;0;130;0,0;42;47
transportation;CD_3_saida;CD_1_entrada;0;0;131;0,0;41;82
transportation;CD_3_saida;CD_1_entrada;1;0;113;0,0;28;30
transportation;CD_3_saida;CD_1_entrada;2;0;119;0,0;22;82
transportation;CD_3_saida;CD_1_entrada;3;0;82;0,0;51;69
transportation;CD_3_saida;CD_1_entrada;4;0;176;0,0;62;58
transportation;CD_3_saida;CD_1_entrada;5;0;109;0,0;48;61
transportation;CD_3_saida;CD_1_entrada;6;0;181;0,0;40;62
transportation;CD_3_saida;CD_1_entrada;7;0;93;0,0;67;76
transportation;CD_3_saida;CD_1_entrada;8;0;146;0,0;93;23
transportation;CD_3_saida;CD_1_entrada;9;0;89;0,0;86;21
transportation;CD_3_saida;CD_2_entrada;0;0;21;0,0;31;77
transportation;CD_3_saida;CD_2_entrada;1;0;92;0,0;51;19
transportation;CD_3_saida;CD_2_entrada;2;0;120;0,0;28;18
transportation;CD_3_saida;CD_2_entrada;3;0;114;0,0;85;51
transportation;CD_3_saida;CD_2_entrada;4;0;149;0,0;99;37
transportation;CD_3_saida;CD_2_entrada;5;0;77;0,0;30;59
transportation;CD_3_saida;CD_2_entrada;6;0;122;0,0;56;72
transportation;CD_3_saida;CD_2_entrada;7;0;73;0,0;52;78
transportation;CD_3_saida;CD_2_entrada;8;0;102;0,0;53;13
transportation;CD_3_saida;CD_2_entrada;9;0;57;0,0;41;43
transportation;CD_3_saida;CD_4_entrada;0;0;133;0,0;38;42
transportation;CD_3_saida;CD_4_entrada;1;0;65;0,0;44;50
transportation;CD_3_saida;CD_4_entrada;2;0;123;0,0;37;49
transportation;CD_3_saida;CD_4_entrada;3;0;55;0,0;90;48
transportation;CD_3_saida;CD_4_entrada;4;0;129;0,0;65;46
transportation;CD_3_saida;CD_4_entrada;5;0;152;0,0;73;37
transportation;CD_3_saida;CD_4_entrada;6;0;42;0,0;100;58
transportation;CD_3_saida;CD_4_entrada;7;0;66;0,0;64;56
transportation;CD_3_saida;CD_4_entrada;8;0;44;0,0;48;69
transportation;CD_3_saida;CD_4_entrada;9;0;122;0,0;75;44
transportation;CD_4_saida;CD_0_entrada;0;0;93;0,0;31;78
transportation;CD_4_saida;CD_0_entrada;1;0;109;0,0;54;70
transportation;CD_4_saida;CD_0_entrada;2;0;114;0,0;43;77
transportation;CD_4_saida;CD_0_entrada;3;0;112;0,0;34;96
transportation;CD_4_saida;CD_0_entrada;4;0;111;0,0;50;77
transportation;CD_4_saida;CD_0_entrada;5;0;70;0,0;69;66
transportation;CD_4_saida;CD_0_entrada;6;0;86;0,0;65;66
transportation;CD_4_saida;CD_0_entrada;7;0;129;0,0;39;23
transportation;CD_4_saida;CD_0_entrada;8;0;132;0,0;73;68
transportation;CD_4_saida;CD_0_entrada;9;0;100;0,0;97;11
transportation;CD_4_saida;CD_1_entrada;0;0;102;0,0;36;56
transportation;CD_4_saida;CD_1_entrada;1;0;73;0,0;56;92
transportation;CD_4_saida;CD_1_entrada;2;0;117;0,0;69;92
transportation;CD_4_saida;CD_1_entrada;3;0;164;0,0;79;38
transportation;CD_4_saida;CD_1_entrada;4;0;147;0,0;48;74
transportation;CD_4_saida;CD_1_entrada;5;0;87;0,0;79;85
transportation;CD_4_saida;CD_1_entrada;6;0;90;0,0;60;31
transportation;CD_4_saida;CD_1_entrada;7;0;75;0,0;98;48
transportation;CD_4_saida;CD_1_entrada;8;0;127;0,0;106;97
transportation;CD_4_saida;CD_1_entrada;9;0;103;0,0;30;76
transportation;CD_4_saida;CD_2_entrada;0;0;103;0,0;100;88
transportation;CD_4_saida;CD_2_entrada;1;0;115;0,0;93;98
transportation;CD_4_saida;CD_2_entrada;2;0;100;0,0;22;54
transportation;CD_4_saida;CD_2_entrada;3;0;146;0,0;72;76
transportation;CD_4_saida;CD_2_entrada;4;0;121;0,0;67;41
transportation;CD_4_saida;CD_2_entrada;5;0;89;0,0;62;55
transportation;CD_4_saida;CD_2_entrada;6;0;76;0,0;96;17
transportation;CD_4_saida;CD_2_entrada;7;0;148;0,0;91;10
transportation;CD_4_saida;CD_2_entrada;8;0;135;0,0;33;37
transportation;CD_4_saida;CD_2_entrada;9;0;99;0,0;101;47
transportation;CD_4_saida;CD_3_entrada;0;0;133;0,0;58;83
transportation;CD_4_saida;CD_3_entrada;1;0;118;0,0;111;42
transportation;CD_4_saida;CD_3_entrada;2;0;112;0,0;83;22
transportation;CD_4_saida;CD_3_entrada;3;0;42;0,0;93;30
transportation;CD_4_saida;CD_3_entrada;4;0;70;0,0;58;68
transportation;CD_4_saida;CD_3_entrada;5;0;89;0,0;37;25
transportation;CD_4_saida;CD_3_entrada;6;0;87;0,0;49;35
transportation;CD_4_saida;CD_3_entrada;7;0;118;0,0;57;87
transportation;CD_4_saida;CD_3_entrada;8;0;137;0,0;33;83
transportation;CD_4_saida;CD_3_entrada;9;0;166;0,0;90;42
transportation;CD_0_saida;C_0_entrada;0;0;164;0,0;46;96
transportation;CD_0_saida;C_0_entrada;1;0;118;0,0;40;32
transportation;CD_0_saida;C_0_entrada;2;0;163;0,0;48;12
transportation;CD_0_saida;C_0_entrada;3;0;24;0,0;39;12
transportation;CD_0_saida;C_0_entrada;4;0;137;0,0;31;73
transportation;CD_0_saida;C_0_entrada;5;0;101;0,0;87;89
transportation;CD_0_saida;C_0_entrada;6;0;139;0,0;43;60
transportation;CD_0_saida;C_0_entrada;7;0;155;0,0;60;96
transportation;CD_0_saida;C_0_entrada;8;0;115;0,0;61;23
transportation;CD_0_saida;C_0_entrada;9;0;43;0,0;79;13
transportation;CD_0_saida;C_1_entrada;0;0;76;0,0;46;82
transportation;CD_0_saida;C_1_entrada;1;0;136;0,0;46;22
transportation;CD_0_saida;C_1_entrada;2;0;146;0,0;78;15
transportation;CD_0_saida;C_1_entrada;3;0;91;0,0;46;61
transportation;CD_0_saida;C_1_entrada;4;0;135;0,0;31;95
transportation;CD_0_saida;C_1_entrada;5;0;128;0,0;49;58
transportation;CD_0_saida;C_1_entrada;6;0;118;0,0;53;76
transportation;CD_0_saida;C_1_entrada;7;0;28;0,0;34;19
transportation;CD_0_saida;C_1_entrada;8;0;102;0,0;91;27
transportation;CD_0_saida;C_1_entrada;9;0;124;0,0;87;90
transportation;CD_0_saida;C_2_entrada;0;0;114;0,0;91;41
transportation;CD_0_saida;C_2_entrada;1;0;160;0,0;27;62
transportation;CD_0_saida;C_2_entrada;2;0;143;0,0;61;46
transportation;CD_0_saida;C_2_entrada;3;0;42;0,0;54;77
transportation;CD_0_saida;C_2_entrada;4;0;138;0,0;51;39
transportation;CD_0_saida;C_2_entrada;5;0;114;0,0;92;33
transportation;CD_0_saida;C_2_entrada;6;0;164;0,0;109;46
transportation;CD_0_saida;C_2_entrada;7;0;150;0,0;103;83
transportation;CD_0_saida;C_2_entrada;8;0;167;0,0;69;43
transportation;CD_0_saida;C_2_entrada;9;0;42;0,0;38;41
transportation;CD_0_saida;C_3_entrada;0;0;124;0,0;114;30
transportation;CD_0_saida;C_3_entrada;1;0;85;0,0;43;67
transportation;CD_0_saida;C_3_entrada;2;0;125;0,0;26;60
transportation;CD_0_saida;C_3_entrada;3;0;166;0,0;111;81
transportation;CD_0_saida;C_3_entrada;4;0;58;0,0;32;74
transportation;CD_0_saida;C_3_entrada;5;0;128;0,0;39;13
transportation;CD_0_saida;C_3_entrada;6;0;79;0,0;64;37
transportation;CD_0_saida;C_3_entrada;7;0;45;0,0;78;94
transportation;CD_0_saida;C_3_entrada;8;0;104;0,0;27;76
transportation;CD_0_saida;C_3_entrada;9;0;106;0,0;39;40
transportation;CD_0_saida;C_4_entrada;0;0;41;0,0;102;17
transportation;CD_0_saida;C_4_entrada;1;0;134;0,0;97;79
transportation;CD_0_saida;C_4_entrada;2;0;149;0,0;106;10
transportation;CD_0_saida;C_4_entrada;3;0;112;0,0;63;59
transportation;CD_0_saida;C_4_entrada;4;0;77;0,0;65;37
transportation;CD_0_saida;C_4_entrada;5;0;75;0,0;47;39
transportation;CD_0_saida;C_4_entrada;6;0;154;0,0;46;38
transportation;CD_0_saida;C_4_entrada;7;0;129;0,0;88;62
transportation;CD_0_saida;C_4_entrada;8;0;69;0,0;38;99
transportation;CD_0_saida;C_4_entrada;9;0;44;0,0;55;32
transportation;CD_0_saida;C_5_entrada;0;0;75;0,0;101;63
transportation;CD_0_saida;C_5_entrada;1;0;113;0,0;60;53
transportation;CD_0_saida;C_5_entrada;2;0;162;0,0;53;38
transportation;CD_0_saida;C_5_entrada;3;0;111;0,0;77;41
transportation;CD_0_saida;C_5_entrada;4;0;97;0,0;95;61
transportation;CD_0_saida;C_5_entrada;5;0;94;0,0;30;90
transportation;CD_0_saida;C_5_entrada;6;0;134;0,0;37;26
transportation;CD_0_saida;C_5_entrada;7;0;111;0,0;65;80
transportation;CD_0_saida;C_5_entrada;8;0;91;0,0;103;80
transportation;CD_0_saida;C_5_entrada;9;0;122;0,0;85;98
transportation;CD_0_saida;C_6_entrada;0;0;97;0,0;71;64
transportation;CD_0_saida;C_6_entrada;1;0;118;0,0;35;40
transportation;CD_0_saida;C_6_entrada;2;0;26;0,0;61;70
transportation;CD_0_saida;C_6_entrada;3;0;151;0,0;82;51
transportation;CD_0_saida;C_6_entrada;4;0;60;0,0;37;47
transportation;CD_0_saida;C_6_entrada;5;0;100;0,0;15;91
transportation;CD_0_saida;C_6_entrada;6;0;148;0,0;52;52
transportation;CD_0_saida;C_6_entrada;7;0;114;0,0;74;67
transportation;CD_0_saida;C_6_entrada;8;0;65;0,0;54;50
transportation;CD_0_saida;C_6_entrada;9;0;146;0,0;52;76
transportation;CD_0_saida;C_7_entrada;0;0;96;0,0;41;99
transportation;CD_0_saida;C_7_entrada;1;0;108;0,0;45;66
transportation;CD_0_saida;C_7_entrada;2;0;107;0,0;67;61
transportation;CD_0_saida;C_7_entrada;3;0;159;0,0;85;34
transportation;CD_0_saida;C_7_entrada;4;0;82;0,0;19;82
transportation;CD_0_saida;C_7_entrada;5;0;120;0,0;101;79
transportation;CD_0_saida;C_7_entrada;6;0;100;0,0;83;38
transportation;CD_0_saida;C_7_entrada;7;0;164;0,0;29;18
transportation;CD_0_saida;C_7_entrada;8;0;82;0,0;36;33
transportation;CD_0_saida;C_7_entrada;9;0;115;0,0;100;87
transportation;CD_0_saida;C_8_entrada;0;0;63;0,0;49;15
transportation;CD_0_saida;C_8_entrada;1;0;48;0,0;66;16
transportation;CD_0_saida;C_8_entrada;2;0;162;0,0;60;10
transportation;CD_0_saida;C_8_entrada;3;0;123;0,0;98;74
transportation;CD_0_saida;C_8_entrada;4;0;116;0,0;78;72
transportation;CD_0_saida;C_8_entrada;5;0;133;0,0;34;60
transportation;CD_0_saida;C_8_entrada;6;0;33;0,0;45;79
transportation;CD_0_saida;C_8_entrada;7;0;102;0,0;49;90
transportation;CD_0_saida;C_8_entrada;8;0;63;0,0;52;65
transportation;CD_0_saida;C_8_entrada;9;0;124;0,0;27;98
transportation;CD_0_saida;C_9_entrada;0;0;117;0,0;107;29
transportation;CD_0_saida;C_9_entrada;1;0;135;0,0;63;82
transportation;CD_0_saida;C_9_entrada;2;0;130;0,0;66;39
transportation;CD_0_saida;C_9_entrada;3;0;122;0,0;31;58
transportation;CD_0_saida;C_9_entrada;4;0;152;0,0;38;63
transportation;CD_0_saida;C_9_entrada;5;0;125;0,0;49;61
transportation;CD_0_saida;C_9_entrada;6;0;68;0,0;45;26
transportation;CD_0_saida;C_9_entrada;7;0;105;0,0;94;73
transportation;CD_0_saida;C_9_entrada;8;0;125;0,0;37;53
transportation;CD_0_saida;C_9_entrada;9;0;48;0,0;101;96
transportation;CD_0_saida;C_10_entrada;0;0;53;0,0;107;50
transportation;CD_0_saida;C_10_entrada;1;0;97;0,0;105;12
transportation;CD_0_saida;C_10_entrada;2;0;113;0,0;39;33
transportation;CD_0_saida;C_10_entrada;3;0;135;0,0;62;12
transportation;CD_0_saida;C_10_entrada;4;0;39;0,0;99;46
transportation;CD_0_saida;C_10_entrada;5;0;134;0,0;87;14
transportation;CD_0_saida;C_10_entrada;6;0;125;0,0;81;26
transportation;CD_0_saida;C_10_entrada;7;0;110;0,0;71;20
transportation;CD_0_saida;C_10_entrada;8;0;41;0,0;73;45
transportation;CD_0_saida;C_10_entrada;9;0;103;0,0;85;70
transportation;CD_0_saida;C_11_entrada;0;0;119;0,0;29;20
transportation;CD_0_saida;C_11_entrada;1;0;138;0,0;64;25
transportation;CD_0_saida;C_11_entrada;2;0;107;0,0;45;52
transportation;CD_0_saida;C_11_entrada;3;0;91;0,0;99;39
transportation;CD_0_saida;C_11_entrada;4;0;84;0,0;94;31
transportation;CD_0_saida;C_11_entrada;5;0;33;0,0;65;77
transportation;CD_0_saida;C_11_entrada;6;0;157;0,0;96;86
transportation;CD_0_saida;C_11_entrada;7;0;86;0,0;88;88
transportation;CD_0_saida;C_11_entrada;8;0;77;0,0;68;59
transportation;CD_0_saida;C_11_entrada;9;0;90;0,0;88;34
transportation;CD_0_saida;C_12_entrada;0;0;47;0,0;59;75
transportation;CD_0_saida;C_12_entrada;1;0;115;0,0;106;36
transportation;CD_0_saida;C_12_entrada;2;0;100;0,0;88;93
transportation;CD_0_saida;C_12_entrada;3;0;185;0,0;64;41
transportation;CD_0_saida;C_12_entrada;4;0;179;0,0;91;95
transportation;CD_0_saida;C_12_entrada;5;0;123;0,0;93;52
transportation;CD_0_saida;C_12_entrada;6;0;135;0,0;89;41
transportation;CD_0_saida;C_12_entrada;7;0;109;0,0;50;84
transportation;CD_0_saida;C_12_entrada;8;0;157;0,0;80;76
transportation;CD_0_saida;C_12_entrada;9;0;106;0,0;49;74
transportation;CD_0_saida;C_13_entrada;0;0;74;0,0;64;88
transportation;CD_0_saida;C_13_entrada;1;0;122;0,0;101;93
transportation;CD_0_saida;C_13_entrada;2;0;156;0,0;10;43
transportation;CD_0_saida;C_13_entrada;3;0;99;0,0;103;32
transportation;CD_0_saida;C_13_entrada;4;0;124;0,0;74;99
transportation;CD_0_saida;C_13_entrada;5;0;149;0,0;99;31
transportation;CD_0_saida;C_13_entrada;6;0;123;0,0;80;80
transportation;CD_0_saida;C_13_entrada;7;0;119;0,0;106;49
transportation;CD_0_saida;C_13_entrada;8;0;171;0,0;64;51
transportation;CD_0_saida;C_13_entrada;9;0;47;0,0;89;10
transportation;CD_0_saida;C_14_entrada;0;0;141;0,0;34;71
transportation;CD_0_saida;C_14_entrada;1;0;86;0,0;98;33
transportation;CD_0_saida;C_14_entrada;2;0;175;0,0;103;42
transportation;CD_0_saida;C_14_entrada;3;0;111;0,0;72;49
transportation;CD_0_saida;C_14_entrada;4;0;147;0,0;65;13
transportation;CD_0_saida;C_14_entrada;5;0;124;0,0;87;86
transportation;CD_0_saida;C_14_entrada;6;0;112;0,0;96;96
transportation;CD_0_saida;C_14_entrada;7;0;141;0,0;99;44
transportation;CD_0_saida;C_14_entrada;8;0;81;0,0;105;22
transportation;CD_0_saida;C_14_entrada;9;0;94;0,0;33;36
transportation;CD_0_saida;C_15_entrada;0;0;156;0,0;85;49
transportation;CD_0_saida;C_15_entrada;1;0;121;0,0;83;66
transportation;CD_0_saida;C_15_entrada;2;0;85;0,0;49;77
transportation;CD_0_saida;C_15_entrada;3;0;75;0,0;28;71
transportation;CD_0_saida;C_15_entrada;4;0;38;0,0;100;56
transportation;CD_0_saida;C_15_entrada;5;0;103;0,0;30;84
transportation;CD_0_saida;C_15_entrada;6;0;137;0,0;35;95
transportation;CD_0_saida;C_15_entrada;7;0;53;0,0;59;76
transportation;CD_0_saida;C_15_entrada;8;0;39;0,0;43;51
transportation;CD_0_saida;C_15_entrada;9;0;54;0,0;78;59
transportation;CD_0_saida;C_16_entrada;0;0;84;0,0;30;25
transportation;CD_0_saida;C_16_entrada;1;0;103;0,0;44;15
transportation;CD_0_saida;C_16_entrada;2;0;92;0,0;23;50
transportation;CD_0_saida;C_16_entrada;3;0;129;0,0;98;18
transportation;CD_0_saida;C_16_entrada;4;0;102;0,0;48;13
transportation;CD_0_saida;C_16_entrada;5;0;175;0,0;89;96
transportation;CD_0_saida;C_16_entrada;6;0;31;0,0;32;78
transportation;CD_0_saida;C_16_entrada;7;0;121;0,0;68;44
transportation;CD_0_saida;C_16_entrada;8;0;91;0,0;80;24
transportation;CD_0_saida;C_16_entrada;9;0;45;0,0;65;79
transportation;CD_0_saida;C_17_entrada;0;0;102;0,0;43;33
transportation;CD_0_saida;C_17_entrada;1;0;56;0,0;75;36
transportation;CD_0_saida;C_17_entrada;2;0;106;0,0;25;15
transportation;CD_0_saida;C_17_entrada;3;0;141;0,0;33;77
transportation;CD_0_saida;C_17_entrada;4;0;154;0,0;31;51
transportation;CD_0_saida;C_17_entrada;5;0;126;0,0;103;50
transportation;CD_0_saida;C_17_entrada;6;0;123;0,0;77;49
transportation;CD_0_saida;C_17_entrada;7;0;115;0,0;80;91
transportation;CD_0_saida;C_17_entrada;8;0;63;0,0;35;94
transportation;CD_0_saida;C_17_entrada;9;0;126;0,0;34;63
transportation;CD_0_saida;C_18_entrada;0;0;108;0,0;31;87
transportation;CD_0_saida;C_18_entrada;1;0;120;0,0;30;91
transportation;CD_0_saida;C_18_entrada;2;0;115;0,0;66;79
transportation;CD_0_saida;C_18_entrada;3;0;87;0,0;39;13
transportation;CD_0_saida;C_18_entrada;4;0;82;0,0;62;32
transportation;CD_0_saida;C_18_entrada;5;0;160;0,0;98;50
transportation;CD_0_saida;C_18_entrada;6;0;83;0,0;84;51
transportation;CD_0_saida;C_18_entrada;7;0;135;0,0;70;35
transportation;CD_0_saida;C_18_entrada;8;0;124;0,0;48;55
transportation;CD_0_saida;C_18_entrada;9;0;58;0,0;106;47
transportation;CD_0_saida;C_19_entrada;0;0;108;0,0;80;24
transportation;CD_0_saida;C_19_entrada;1;0;26;0,0;70;71
transportation;CD_0_saida;C_19_entrada;2;0;121;0,0;39;16
transportation;CD_0_saida;C_19_entrada;3;0;123;0,0;43;61
transportation;CD_0_saida;C_19_entrada;4;0;57;0,0;106;89
transportation;CD_0_saida;C_19_entrada;5;0;113;0,0;82;14
transportation;CD_0_saida;C_19_entrada;6;0;143;0,0;97;65
transportation;CD_0_saida;C_19_entrada;7;0;91;0,0;30;13
transportation;CD_0_saida;C_19_entrada;8;0;72;0,0;78;61
transportation;CD_0_saida;C_19_entrada;9;0;60;0,0;45;44
transportation;CD_1_saida;C_0_entrada;0;0;131;0,0;71;80
transportation;CD_1_saida;C_0_entrada;1;0;167;0,0;91;33
transportation;CD_1_saida;C_0_entrada;2;0;34;0,0;81;72
transportation;CD_1_saida;C_0_entrada;3;0;152;0,0;51;83
transportation;CD_1_saida;C_0_entrada;4;0;98;0,0;22;12
transportation;CD_1_saida;C_0_entrada;5;0;99;0,0;87;76
transportation;CD_1_saida;C_0_entrada;6;0;77;0,0;31;23
transportation;CD_1_saida;C_0_entrada;7;0;128;0,0;56;35
transportation;CD_1_saida;C_0_entrada;8;0;128;0,0;74;82
transportation;CD_1_saida;C_0_entrada;9;0;104;0,0;80;54
transportation;CD_1_saida;C_1_entrada;0;0;102;0,0;93;45
transportation;CD_1_saida;C_1_entrada;1;0;81;0,0;44;90
transportation;CD_1_saida;C_1_entrada;2;0;106;0,0;83;61
transportation;CD_1_saida;C_1_entrada;3;0;109;0,0;30;57
transportation;CD_1_saida;C_1_entrada;4;0;88;0,0;18;26
transportation;CD_1_saida;C_1_entrada;5;0;69;0,0;55;21
transportation;CD_1_saida;C_1_entrada;6;0;131;0,0;28;68
transportation;CD_1_saida;C_1_entrada;7;0;100;0,0;73;91
transportation;CD_1_saida;C_1_entrada;8;0;103;0,0;46;44
transportation;CD_1_saida;C_1_entrada;9;0;63;0,0;68;25
transportation;CD_1_saida;C_2_entrada;0;0;111;0,0;99;33
transportation;CD_1_saida;C_2_entrada;1;0;79;0,0;88;95
transportation;CD_1_saida;C_2_entrada;2;0;174;0,0;19;91
transportation;CD_1_saida;C_2_entrada;3;0;112;0,0;42;22
transportation;CD_1_saida;C_2_entrada;4;0;124;0,0;55;57
transportation;CD_1_saida;C_2_entrada;5;0;167;0,0;51;21
transportation;CD_1_saida;C_2_entrada;6;0;59;0,0;22;61
transportation;CD_1_saida;C_2_entrada;7;0;51;0,0;96;41
transportation;CD_1_saida;C_2_entrada;8;0;94;0,0;80;63
transportation;CD_1_saida;C_2_entrada;9;0;30;0,0;32;52
transportation;CD_1_saida;C_3_entrada;0;0;93;0,0;28;44
transportation;CD_1_saida;C_3_entrada;1;0;61;0,0;27;25
transportation;CD_1_saida;C_3_entrada;2;0;92;0,0;81;47
transportation;CD_1_saida;C_3_entrada;3;0;123;0,0;89;19
transportation;CD_1_saida;C_3_entrada;4;0;90;0,0;109;10
transportation;CD_1_saida;C_3_entrada;5;0;150;0,0;53;79
transportation;CD_1_saida;C_3_entrada;6;0;166;0,0;37;63
transportation;CD_1_saida;C_3_entrada;7;0;146;0,0;41;63
transportation;CD_1_saida;C_3_entrada;8;0;83;0,0;111;12
transportation;CD_1_saida;C_3_entrada;9;0;184;0,0;54;14
transportation;CD_1_saida;C_4_entrada;0;0;39;0,0;66;87
transportation;CD_1_saida;C_4_entrada;1;0;136;0,0;108;17
transportation;CD_1_saida;C_4_entrada;2;0;120;0,0;80;75
transportation;CD_1_saida;C_4_entrada;3;0;86;0,0;26;90
transportation;CD_1_saida;C_4_entrada;4;0;173;0,0;22;56
transportation;CD_1_saida;C_4_entrada;5;0;144;0,0;78;87
transportation;CD_1_saida;C_4_entrada;6;0;117;0,0;107;53
transportation;CD_1_saida;C_4_entrada;7;0;55;0,0;35;44
transportation;CD_1_saida;C_4_entrada;8;0;88;0,0;79;18
transportation;CD_1_saida;C_4_entrada;9;0;152;0,0;48;62
transportation;CD_1_saida;C_5_entrada;0;0;96;0,0;75;71
transportation;CD_1_saida;C_5_entrada;1;0;66;0,0;28;78
transportation;CD_1_saida;C_5_entrada;2;0;117;0,0;26;18
transportation;CD_1_saida;C_5_entrada;3;0;95;0,0;85;47
transportation;CD_1_saida;C_5_entrada;4;0;47;0,0;50;37
transportation;CD_1_saida;C_5_entrada;5;0;79;0,0;92;53
transportation;CD_1_saida;C_5_entrada;6;0;173;0,0;61;23
transportation;CD_1_saida;C_5_entrada;7;0;59;0,0;40;41
transportation;CD_1_saida;C_5_entrada;8;0;60;0,0;89;37
transportation;CD_1_saida;C_5_entrada;9;0;123;0,0;88;73
transportation;CD_1_saida;C_6_entrada;0;0;77;0,0;82;49
transportation;CD_1_saida;C_6_entrada;1;0;142;0,0;57;71
transportation;CD_1_saida;C_6_entrada;2;0;89;0,0;48;11
transportation;CD_1_saida;C_6_entrada;3;0;62;0,0;113;71
transportation;CD_1_saida;C_6_entrada;4;0;81;0,0;47;20
transportation;CD_1_saida;C_6_entrada;5;0;92;0,0;55;52
transportation;CD_1_saida;C_6_entrada;6;0;56;0,0;50;55
transportation;CD_1_saida;C_6_entrada;7;0;131;0,0;97;39
transportation;CD_1_saida;C_6_entrada;8;0;125;0,0;98;22
transportation;CD_1_saida;C_6_entrada;9;0;150;0,0;37;13
transportation;CD_1_saida;C_7_entrada;0;0;121;0,0;57;57
transportation;CD_1_saida;C_7_entrada;1;0;85;0,0;103;60
transportation;CD_1_saida;C_7_entrada;2;0;166;0,0;60;80
transportation;CD_1_saida;C_7_entrada;3;0;89;0,0;52;98
transportation;CD_1_saida;C_7_entrada;4;0;127;0,0;39;48
transportation;CD_1_saida;C_7_entrada;5;0;122;0,0;23;27
transportation;CD_1_saida;C_7_entrada;6;0;178;0,0;63;34
transportation;CD_1_saida;C_7_entrada;7;0;136;0,0;28;74
transportation;CD_1_saida;C_7_entrada;8;0;60;0,0;97;99
transportation;CD_1_saida;C_7_entrada;9;0;113;0,0;60;22
transportation;CD_1_saida;C_8_entrada;0;0;97;0,0;91;88
transportation;CD_1_saida;C_8_entrada;1;0;143;0,0;64;62
transportation;CD_1_saida;C_8_entrada;2;0;75;0,0;88;14
transportation;CD_1_saida;C_8_entrada;3;0;135;0,0;45;58
transportation;CD_1_saida;C_8_entrada;4;0;108;0,0;77;67
transportation;CD_1_saida;C_8_entrada;5;0;120;0,0;50;54
transportation;CD_1_saida;C_8_entrada;6;0;167;0,0;69;60
transportation;CD_1_saida;C_8_entrada;7;0;134;0,0;108;34
transportation;CD_1_saida;C_8_entrada;8;0;98;0,0;31;40
transportation;CD_1_saida;C_8_entrada;9;0;43;0,0;107;68
transportation;CD_1_saida;C_9_entrada;0;0;164;0,0;94;41
transportation;CD_1_saida;C_9_entrada;1;0;121;0,0;95;78
transportation;CD_1_saida;C_9_entrada;2;0;117;0,0;52;80
transportation;CD_1_saida;C_9_entrada;3;0;86;0,0;53;43
transportation;CD_1_saida;C_9_entrada;4;0;67;0,0;35;47
transportation;CD_1_saida;C_9_entrada;5;0;45;0,0;21;53
transportation;CD_1_saida;C_9_entrada;6;0;125;0,0;64;48
transportation;CD_1_saida;C_9_entrada;7;0;145;0,0;93;91
transportation;CD_1_saida;C_9_entrada;8;0;78;0,0;28;77
transportation;CD_1_saida;C_9_entrada;9;0;117;0,0;79;51
transportation;CD_1_saida;C_10_entrada;0;0;113;0,0;77;24
transportation;CD_1_saida;C_10_entrada;1;0;71;0,0;17;45
transportation;CD_1_saida;C_10_entrada;2;0;126;0,0;90;15
transportation;CD_1_saida;C_10_entrada;3;0;191;0,0;19;39
transportation;CD_1_saida;C_10_entrada;4;0;120;0,0;17;90
transportation;CD_1_saida;C_10_entrada;5;0;42;0,0;100;77
transportation;CD_1_saida;C_10_entrada;6;0;99;0,0;97;32
transportation;CD_1_saida;C_10_entrada;7;0;73;0,0;81;12
transportation;CD_1_saida;C_10_entrada;8;0;104;0,0;33;22
transportation;CD_1_saida;C_10_entrada;9;0;102;0,0;111;58
transportation;CD_1_saida;C_11_entrada;0;0;133;0,0;74;28
transportation;CD_1_saida;C_11_entrada;1;0;37;0,0;69;10
transportation;CD_1_saida;C_11_entrada;2;0;36;0,0;77;68
transportation;CD_1_saida;C_11_entrada;3;0;74;0,0;29;44
transportation;CD_1_saida;C_11_entrada;4;0;170;0,0;102;23
transportation;CD_1_saida;C_11_entrada;5;0;102;0,0;79;99
transportation;CD_1_saida;C_11_entrada;6;0;179;0,0;86;93
transportation;CD_1_saida;C_11_entrada;7;0;134;0,0;93;81
transportation;CD_1_saida;C_11_entrada;8;0;175;0,0;75;43
transportation;CD_1_saida;C_11_entrada;9;0;107;0,0;58;21
transportation;CD_1_saida;C_12_entrada;0;0;84;0,0;56;98
transportation;CD_1_saida;C_12_entrada;1;0;152;0,0;76;14
transportation;CD_1_saida;C_12_entrada;2;0;141;0,0;84;52
transportation;CD_1_saida;C_12_entrada;3;0;106;0,0;82;44
transportation;CD_1_saida;C_12_entrada;4;0;166;0,0;34;47
transportation;CD_1_saida;C_12_entrada;5;0;130;0,0;98;41
transportation;CD_1_saida;C_12_entrada;6;0;135;0,0;25;81
transportation;CD_1_saida;C_12_entrada;7;0;125;0,0;24;62
transportation;CD_1_saida;C_12_entrada;8;0;174;0,0;38;80
transportation;CD_1_saida;C_12_entrada;9;0;77;0,0;85;80
transportation;CD_1_saida;C_13_entrada;0;0;100;0,0;20;12
transportation;CD_1_saida;C_13_entrada;1;0;142;0,0;17;46
transportation;CD_1_saida;C_13_entrada;2;0;124;0,0;114;40
transportation;CD_1_saida;C_13_entrada;3;0;167;0,0;71;91
transportation;CD_1_saida;C_13_entrada;4;0;170;0,0;31;51
transportation;CD_1_saida;C_13_entrada;5;0;191;0,0;84;66
transportation;CD_1_saida;C_13_entrada;6;0;54;0,0;68;67
transportation;CD_1_saida;C_13_entrada;7;0;143;0,0;41;72
transportation;CD_1_saida;C_13_entrada;8;0;145;0,0;90;20
transportation;CD_1_saida;C_13_entrada;9;0;84;0,0;37;61
transportation;CD_1_saida;C_14_entrada;0;0;96;0,0;61;60
transportation;CD_1_saida;C_14_entrada;1;0;103;0,0;94;27
transportation;CD_1_saida;C_14_entrada;2;0;99;0,0;96;27
transportation;CD_1_saida;C_14_entrada;3;0;141;0,0;36;97
transportation;CD_1_saida;C_14_entrada;4;0;97;0,0;98;15
transportation;CD_1_saida;C_14_entrada;5;0;84;0,0;30;78
transportation;CD_1_saida;C_14_entrada;6;0;118;0,0;84;58
transportation;CD_1_saida;C_14_entrada;7;0;83;0,0;62;94
transportation;CD_1_saida;C_14_entrada;8;0;144;0,0;38;38
transportation;CD_1_saida;C_14_entrada;9;0;87;0,0;23;26
transportation;CD_1_saida;C_15_entrada;0;0;90;0,0;30;48
transportation;CD_1_saida;C_15_entrada;1;0;91;0,0;77;73
transportation;CD_1_saida;C_15_entrada;2;0;145;0,0;58;85
transportation;CD_1_saida;C_15_entrada;3;0;138;0,0;73;97
transportation;CD_1_saida;C_15_entrada;4;0;132;0,0;54;63
transportation;CD_1_saida;C_15_entrada;5;0;125;0,0;45;56
transportation;CD_1_saida;C_15_entrada;6;0;117;0,0;85;66
transportation;CD_1_saida;C_15_entrada;7;0;150;0,0;77;94
transportation;CD_1_saida;C_15_entrada;8;0;140;0,0;24;45
transportation;CD_1_saida;C_15_entrada;9;0;91;0,0;101;57
transportation;CD_1_saida;C_16_entrada;0;0;116;0,0;92;36
transportation;CD_1_saida;C_16_entrada;1;0;106;0,0;45;35
transportation;CD_1_saida;C_16_entrada;2;0;111;0,0;106;21
transportation;CD_1_saida;C_16_entrada;3;0;24;0,0;107;99
transportation;CD_1_saida;C_16_entrada;4;0;144;0,0;21;62
transportation;CD_1_saida;C_16_entrada;5;0;75;0,0;97;74
transportation;CD_1_saida;C_16_entrada;6;0;162;0,0;28;99
transportation;CD_1_saida;C_16_entrada;7;0;105;0,0;105;71
transportation;CD_1_saida;C_16_entrada;8;0;118;0,0;64;55
transportation;CD_1_saida;C_16_entrada;9;0;136;0,0;97;16
transportation;CD_1_saida;C_17_entrada;0;0;128;0,0;19;58
transportation;CD_1_saida;C_17_entrada;1;0;129;0,0;94;60
transportation;CD_1_saida;C_17_entrada;2;0;79;0,0;28;42
transportation;CD_1_saida;C_17_entrada;3;0;104;0,0;80;50
transportation;CD_1_saida;C_17_entrada;4;0;133;0,0;30;81
transportation;CD_1_saida;C_17_entrada;5;0;106;0,0;73;80
transportation;CD_1_saida;C_17_entrada;6;0;33;0,0;59;27
transportation;CD_1_saida;C_17_entrada;7;0;55;0,0;26;32
transportation;CD_1_saida;C_17_entrada;8;0;134;0,0;96;60
transportation;CD_1_saida;C_17_entrada;9;0;50;0,0;49;75
transportation;CD_1_saida;C_18_entrada;0;0;113;0,0;90;89
transportation;CD_1_saida;C_18_entrada;1;0;42;0,0;83;26
transportation;CD_1_saida;C_18_entrada;2;0;111;0,0;104;56
transportation;CD_1_saida;C_18_entrada;3;0;133;0,0;76;48
transportation;CD_1_saida;C_18_entrada;4;0;162;0,0;75;75
transportation;CD_1_saida;C_18_entrada;5;0;50;0,0;44;43
transportation;CD_1_saida;C_18_entrada;6;0;77;0,0;68;93
transportation;CD_1_saida;C_18_entrada;7;0;152;0,0;34;10
transportation;CD_1_saida;C_18_entrada;8;0;44;0,0;49;91
transportation;CD_1_saida;C_18_entrada;9;0;94;0,0;40;86
transportation;CD_1_saida;C_19_entrada;0;0;45;0,0;72;66
transportation;CD_1_saida;C_19_entrada;1;0;76;0,0;99;50
transportation;CD_1_saida;C_19_entrada;2;0;159;0,0;35;36
transportation;CD_1_saida;C_19_entrada;3;0;64;0,0;63;89
transportation;CD_1_saida;C_19_entrada;4;0;63;0,0;57;38
transportation;CD_1_saida;C_19_entrada;5;0;78;0,0;98;25
transportation;CD_1_saida;C_19_entrada;6;0;108;0,0;51;87
transportation;CD_1_saida;C_19_entrada;7;0;154;0,0;68;97
transportation;CD_1_saida;C_19_entrada;8;0;58;0,0;37;25
transportation;CD_1_saida;C_19_entrada;9;0;111;0,0;61;69
transportation;CD_2_saida;C_0_entrada;0;0;89;0,0;53;40
transportation;CD_2_saida;C_0_entrada;1;0;80;0,0;106;41
transportation;CD_2_saida;C_0_entrada;2;0;112;0,0;30;26
transportation;CD_2_saida;C_0_entrada;3;0;125;0,0;88;90
transportation;CD_2_saida;C_0_entrada;4;0;174;0,0;61;18
transportation;CD_2_saida;C_0_entrada;5;0;94;0,0;57;93
transportation;CD_2_saida;C_0_entrada;6;0;84;0,0;113;70
transportation;CD_2_saida;C_0_entrada;7;0;99;0,0;106;85
transportation;CD_2_saida;C_0_entrada;8;0;44;0,0;67;79
transportation;CD_2_saida;C_0_entrada;9;0;98;0,0;48;32
transportation;CD_2_saida;C_1_entrada;0;0;42;0,0;41;53
transportation;CD_2_saida;C_1_entrada;1;0;129;0,0;56;65
transportation;CD_2_saida;C_1_entrada;2;0;91;0,0;106;34
transportation;CD_2_saida;C_1_entrada;3;0;108;0,0;80;64
transportation;CD_2_saida;C_1_entrada;4;0;106;0,0;37;25
transportation;CD_2_saida;C_1_entrada;5;0;180;0,0;23;94
transportation;CD_2_saida;C_1_entrada;6;0;87;0,0;59;99
transportation;CD_2_saida;C_1_entrada;7;0;75;0,0;28;82
transportation;CD_2_saida;C_1_entrada;8;0;159;0,0;60;18
transportation;CD_2_saida;C_1_entrada;9;0;97;0,0;108;97
transportation;CD_2_saida;C_2_entrada;0;0;131;0,0;109;44
transportation;CD_2_saida;C_2_entrada;1;0;163;0,0;31;31
transportation;CD_2_saida;C_2_entrada;2;0;168;0,0;31;64
transportation;CD_2_saida;C_2_entrada;3;0;89;0,0;66;76
transportation;CD_2_saida;C_2_entrada;4;0;114;0,0;47;51
transportation;CD_2_saida;C_2_entrada;5;0;136;0,0;36;29
transportation;CD_2_saida;C_2_entrada;6;0;98;0,0;62;12
transportation;CD_2_saida;C_2_entrada;7;0;139;0,0;21;54
transportation;CD_2_saida;C_2_entrada;8;0;132;0,0;111;76
transportation;CD_2_saida;C_2_entrada;9;0;118;0,0;78;12
transportation;CD_2_saida;C_3_entrada;0;0;63;0,0;59;69
transportation;CD_2_saida;C_3_entrada;1;0;136;0,0;66;27
transportation;CD_2_saida;C_3_entrada;2;0;90;0,0;27;66
transportation;CD_2_saida;C_3_entrada;3;0;156;0,0;111;56
transportation;CD_2_saida;C_3_entrada;4;0;72;0,0;29;14
transportation;CD_2_saida;C_3_entrada;5;0;98;0,0;106;47
transportation;CD_2_saida;C_3_entrada;6;0;126;0,0;70;17
transportation;CD_2_saida;C_3_entrada;7;0;89;0,0;93;15
transportation;CD_2_saida;C_3_entrada;8;0;49;0,0;36;51
transportation;CD_2_saida;C_3_entrada;9;0;171;0,0;95;84
transportation;CD_2_saida;C_4_entrada;0;0;163;0,0;33;11
transportation;CD_2_saida;C_4_entrada;1;0;73;0,0;20;48
transportation;CD_2_saida;C_4_entrada;2;0;141;0,0;107;68
transportation;CD_2_saida;C_4_entrada;3;0;83;0,0;98;27
transportation;CD_2_saida;C_4_entrada;4;0;125;0,0;52;47
transportation;CD_2_saida;C_4_entrada;5;0;113;0,0;32;89
transportation;CD_2_saida;C_4_entrada;6;0;135;0,0;109;93
transportation;CD_2_saida;C_4_entrada;7;0;133;0,0;72;38
transportation;CD_2_saida;C_4_entrada;8;0;132;0,0;85;27
transportation;CD_2_saida;C_4_entrada;9;0;156;0,0;87;44
transportation;CD_2_saida;C_5_entrada;0;0;131;0,0;32;18
transportation;CD_2_saida;C_5_entrada;1;0;139;0,0;69;20
transportation;CD_2_saida;C_5_entrada;2;0;35;0,0;48;98
transportation;CD_2_saida;C_5_entrada;3;0;76;0,0;88;86
transportation;CD_2_saida;C_5_entrada;4;0;148;0,0;102;20
transportation;CD_2_saida;C_5_entrada;5;0;113;0,0;85;95
transportation;CD_2_saida;C_5_entrada;6;0;181;0,0;26;10
transportation;CD_2_saida;C_5_entrada;7;0;138;0,0;42;14
transportation;CD_2_saida;C_5_entrada;8;0;112;0,0;81;71
transportation;CD_2_saida;C_5_entrada;9;0;112;0,0;64;43
transportation;CD_2_saida;C_6_entrada;0;0;143;0,0;103;13
transportation;CD_2_saida;C_6_entrada;1;0;81;0,0;42;39
transportation;CD_2_saida;C_6_entrada;2;0;143;0,0;59;29
transportation;CD_2_saida;C_6_entrada;3;0;90;0,0;73;35
transportation;CD_2_saida;C_6_entrada;4;0;81;0,0;78;86
transportation;CD_2_saida;C_6_entrada;5;0;112;0,0;82;40
transportation;CD_2_saida;C_6_entrada;6;0;135;0,0;46;36
transportation;CD_2_saida;C_6_entrada;7;0;111;0,0;39;73
transportation;CD_2_saida;C_6_entrada;8;0;150;0,0;81;44
transportation;CD_2_saida;C_6_entrada;9;0;187;0,0;61;48
transportation;CD_2_saida;C_7_entrada;0;0;115;0,0;67;66
transportation;CD_2_saida;C_7_entrada;1;0;105;0,0;79;28
transportation;CD_2_saida;C_7_entrada;2;0;100;0,0;24;30
transportation;CD_2_saida;C_7_entrada;3;0;83;0,0;72;11
transportation;CD_2_saida;C_7_entrada;4;0;122;0,0;38;24
transportation;CD_2_saida;C_7_entrada;5;0;168;0,0;84;58
transportation;CD_2_saida;C_7_entrada;6;0;75;0,0;97;98
transportation;CD_2_saida;C_7_entrada;7;0;188;0,0;101;66
transportation;CD_2_saida;C_7_entrada;8;0;124;0,0;33;41
transportation;CD_2_saida;C_7_entrada;9;0;144;0,0;25;87
transportation;CD_2_saida;C_8_entrada;0;0;160;0,0;97;18
transportation;CD_2_saida;C_8_entrada;1;0;87;0,0;66;69
transportation;CD_2_saida;C_8_entrada;2;0;111;0,0;71;56
transportation;CD_2_saida;C_8_entrada;3;0;69;0,0;60;16
transportation;CD_2_saida;C_8_entrada;4;0;96;0,0;30;29
transportation;CD_2_saida;C_8_entrada;5;0;100;0,0;43;51
transportation;CD_2_saida;C_8_entrada;6;0;78;0,0;74;44
transportation;CD_2_saida;C_8_entrada;7;0;176;0,0;58;69
transportation;CD_2_saida;C_8_entrada;8;0;153;0,0;78;52
transportation;CD_2_saida;C_8_entrada;9;0;168;0,0;83;86
transportation;CD_2_saida;C_9_entrada;0;0;135;0,0;102;86
transportation;CD_2_saida;C_9_entrada;1;0;133;0,0;25;88
transportation;CD_2_saida;C_9_entrada;2;0;41;0,0;67;40
transportation;CD_2_saida;C_9_entrada;3;0;79;0,0;98;26
transportation;CD_2_saida;C_9_entrada;4;0;188;0,0;78;85
transportation;CD_2_saida;C_9_entrada;5;0;118;0,0;88;40
transportation;CD_2_saida;C_9_entrada;6;0;56;0,0;80;91
transportation;CD_2_saida;C_9_entrada;7;0;64;0,0;79;11
transportation;CD_2_saida;C_9_entrada;8;0;110;0,0;74;41
transportation;CD_2_saida;C_9_entrada;9;0;112;0,0;77;48
transportation;CD_2_saida;C_10_entrada;0;0;153;0,0;66;86
transportation;CD_2_saida;C_10_entrada;1;0;39;0,0;73;86
transportation;CD_2_saida;C_10_entrada;2;0;125;0,0;99;10
transportation;CD_2_saida;C_10_entrada;3;0;41;0,0;27;40
transportation;CD_2_saida;C_10_entrada;4;0;73;0,0;62;54
transportation;CD_2_saida;C_10_entrada;5;0;111;0,0;76;64
transportation;CD_2_saida;C_10_entrada;6;0;133;0,0;92;80
transportation;CD_2_saida;C_10_entrada;7;0;141;0,0;51;35
transportation;CD_2_saida;C_10_entrada;8;0;119;0,0;83;30
transportation;CD_2_saida;C_10_entrada;9;0;88;0,0;75;50
transportation;CD_2_saida;C_11_entrada;0;0;112;0,0;38;34
transportation;CD_2_saida;C_11_entrada;1;0;47;0,0;31;85
transportation;CD_2_saida;C_11_entrada;2;0;133;0,0;69;15
transportation;CD_2_saida;C_11_entrada;3;0;59;0,0;104;87
transportation;CD_2_saida;C_11_entrada;4;0;132;0,0;38;65
transportation;CD_2_saida;C_11_entrada;5;0;132;0,0;103;14
transportation;CD_2_saida;C_11_entrada;6;0;57;0,0;28;48
transportation;CD_2_saida;C_11_entrada;7;0;67;0,0;96;44
transportation;CD_2_saida;C_11_entrada;8;0;136;0,0;60;22
transportation;CD_2_saida;C_11_entrada;9;0;91;0,0;39;10
transportation;CD_2_saida;C_12_entrada;0;0;77;0,0;78;95
transportation;CD_2_saida;C_12_entrada;1;0;125;0,0;65;73
transportation;CD_2_saida;C_12_entrada;2;0;142;0,0;81;12
transportation;CD_2_saida;C_12_entrada;3;0;115;0,0;79;99
transportation;CD_2_saida;C_12_entrada;4;0;84;0,0;71;29
transportation;CD_2_saida;C_12_entrada;5;0;172;0,0;93;78
transportation;CD_2_saida;C_12_entrada;6;0;75;0,0;40;59
transportation;CD_2_saida;C_12_entrada;7;0;105;0,0;105;10
transportation;CD_2_saida;C_12_entrada;8;0;189;0,0;83;15
transportation;CD_2_saida;C_12_entrada;9;0;46;0,0;37;81
transportation;CD_2_saida;C_13_entrada;0;0;127;0,0;52;46
transportation;CD_2_saida;C_13_entrada;1;0;95;0,0;57;57
transportation;CD_2_saida;C_13_entrada;2;0;60;0,0;112;69
transportation;CD_2_saida;C_13_entrada;3;0;140;0,0;48;88
transportation;CD_2_saida;C_13_entrada;4;0;93;0,0;21;38
transportation;CD_2_saida;C_13_entrada;5;0;186;0,0;67;57
transportation;CD_2_saida;C_13_entrada;6;0;91;0,0;92;40
transportation;CD_2_saida;C_13_entrada;7;0;193;0,0;90;22
transportation;CD_2_saida;C_13_entrada;8;0;115;0,0;60;36
transportation;CD_2_saida;C_13_entrada;9;0;63;0,0;47;98
transportation;CD_2_saida;C_14_entrada;0;0;159;0,0;71;67
transportation;CD_2_saida;C_14_entrada;1;0;122;0,0;89;57
transportation;CD_2_saida;C_14_entrada;2;0;161;0,0;74;98
transportation;CD_2_saida;C_14_entrada;3;0;148;0,0;103;41
transportation;CD_2_saida;C_14_entrada;4;0;143;0,0;36;26
transportation;CD_2_saida;C_14_entrada;5;0;139;0,0;31;68
transportation;CD_2_saida;C_14_entrada;6;0;57;0,0;97;66
transportation;CD_2_saida;C_14_entrada;7;0;63;0,0;53;25
transportation;CD_2_saida;C_14_entrada;8;0;114;0,0;100;35
transportation;CD_2_saida;C_14_entrada;9;0;144;0,0;108;86
transportation;CD_2_saida;C_15_entrada;0;0;70;0,0;26;51
transportation;CD_2_saida;C_15_entrada;1;0;46;0,0;99;76
transportation;CD_2_saida;C_15_entrada;2;0;96;0,0;49;42
transportation;CD_2_saida;C_15_entrada;3;0;128;0,0;82;27
transportation;CD_2_saida;C_15_entrada;4;0;148;0,0;77;10
transportation;CD_2_saida;C_15_entrada;5;0;45;0,0;91;23
transportation;CD_2_saida;C_15_entrada;6;0;88;0,0;74;17
transportation;CD_2_saida;C_15_entrada;7;0;97;0,0;48;13
transportation;CD_2_saida;C_15_entrada;8;0;121;0,0;76;21
transportation;CD_2_saida;C_15_entrada;9;0;185;0,0;40;53
transportation;CD_2_saida;C_16_entrada;0;0;167;0,0;59;41
transportation;CD_2_saida;C_16_entrada;1;0;179;0,0;84;27
transportation;CD_2_saida;C_16_entrada;2;0;106;0,0;58;52
transportation;CD_2_saida;C_16_entrada;3;0;155;0,0;65;73
transportation;CD_2_saida;C_16_entrada;4;0;141;0,0;39;84
transportation;CD_2_saida;C_16_entrada;5;0;87;0,0;105;28
transportation;CD_2_saida;C_16_entrada;6;0;144;0,0;15;34
transportation;CD_2_saida;C_16_entrada;7;0;73;0,0;69;82
transportation;CD_2_saida;C_16_entrada;8;0;74;0,0;102;84
transportation;CD_2_saida;C_16_entrada;9;0;92;0,0;95;90
transportation;CD_2_saida;C_17_entrada;0;0;62;0,0;92;56
transportation;CD_2_saida;C_17_entrada;1;0;93;0,0;58;69
transportation;CD_2_saida;C_17_entrada;2;0;154;0,0;30;35
transportation;CD_2_saida;C_17_entrada;3;0;115;0,0;33;84
transportation;CD_2_saida;C_17_entrada;4;0;145;0,0;62;59
transportation;CD_2_saida;C_17_entrada;5;0;114;0,0;68;10
transportation;CD_2_saida;C_17_entrada;6;0;96;0,0;40;82
transportation;CD_2_saida;C_17_entrada;7;0;99;0,0;89;27
transportation;CD_2_saida;C_17_entrada;8;0;38;0,0;35;15
transportation;CD_2_saida;C_17_entrada;9;0;94;0,0;50;39
transportation;CD_2_saida;C_18_entrada;0;0;175;0,0;35;46
transportation;CD_2_saida;C_18_entrada;1;0;70;0,0;15;64
transportation;CD_2_saida;C_18_entrada;2;0;73;0,0;77;97
transportation;CD_2_saida;C_18_entrada;3;0;81;0,0;43;76
transportation;CD_2_saida;C_18_entrada;4;0;147;0,0;103;27
transportation;CD_2_saida;C_18_entrada;5;0;165;0,0;34;81
transportation;CD_2_saida;C_18_entrada;6;0;148;0,0;114;65
transportation;CD_2_saida;C_18_entrada;7;0;90;0,0;45;80
transportation;CD_2_saida;C_18_entrada;8;0;134;0,0;88;27
transportation;CD_2_saida;C_18_entrada;9;0;115;0,0;96;68
transportation;CD_2_saida;C_19_entrada;0;0;143;0,0;69;38
transportation;CD_2_saida;C_19_entrada;1;0;95;0,0;55;54
transportation;CD_2_saida;C_19_entrada;2;0;123;0,0;94;83
transportation;CD_2_saida;C_19_entrada;3;0;120;0,0;43;96
transportation;CD_2_saida;C_19_entrada;4;0;129;0,0;82;45
transportation;CD_2_saida;C_19_entrada;5;0;131;0,0;18;46
transportation;CD_2_saida;C_19_entrada;6;0;138;0,0;21;33
transportation;CD_2_saida;C_19_entrada;7;0;172;0,0;96;48
transportation;CD_2_saida;C_19_entrada;8;0;61;0,0;55;25
transportation;CD_2_saida;C_19_entrada;9;0;53;0,0;69;54
transportation;CD_3_saida;C_0_entrada;0;0;131;0,0;52;65
transportation;CD_3_saida;C_0_entrada;1;0;98;0,0;30;66
transportation;CD_3_saida;C_0_entrada;2;0;81;0,0;91;72
transportation;CD_3_saida;C_0_entrada;3;0;63;0,0;75;32
transportation;CD_3_saida;C_0_entrada;4;0;125;0,0;108;55
transportation;CD_3_saida;C_0_entrada;5;0;159;0,0;103;89
transportation;CD_3_saida;C_0_entrada;6;0;60;0,0;35;28
transportation;CD_3_saida;C_0_entrada;7;0;166;0,0;65;21
transportation;CD_3_saida;C_0_entrada;8;0;48;0,0;33;44
transportation;CD_3_saida;C_0_entrada;9;0;81;0,0;29;80
transportation;CD_3_saida;C_1_entrada;0;0;35;0,0;67;63
transportation;CD_3_saida;C_1_entrada;1;0;155;0,0;99;11
transportation;CD_3_saida;C_1_entrada;2;0;62;0,0;91;85
transportation;CD_3_saida;C_1_entrada;3;0;130;0,0;110;84
transportation;CD_3_saida;C_1_entrada;4;0;144;0,0;44;27
transportation;CD_3_saida;C_1_entrada;5;0;73;0,0;101;18
transportation;CD_3_saida;C_1_entrada;6;0;82;0,0;62;44
transportation;CD_3_saida;C_1_entrada;7;0;133;0,0;54;17
transportation;CD_3_saida;C_1_entrada;8;0;27;0,0;86;83
transportation;CD_3_saida;C_1_entrada;9;0;49;0,0;30;47
transportation;CD_3_saida;C_2_entrada;0;0;150;0,0;41;99
transportation;CD_3_saida;C_2_entrada;1;0;124;0,0;60;87
transportation;CD_3_saida;C_2_entrada;2;0;123;0,0;85;90
transportation;CD_3_saida;C_2_entrada;3;0;120;0,0;94;43
transportation;CD_3_saida;C_2_entrada;4;0;140;0,0;89;37
transportation;CD_3_saida;C_2_entrada;5;0;109;0,0;73;20
transportation;CD_3_saida;C_2_entrada;6;0;110;0,0;41;11
transportation;CD_3_saida;C_2_entrada;7;0;166;0,0;88;61
transportation;CD_3_saida;C_2_entrada;8;0;109;0,0;95;23
transportation;CD_3_saida;C_2_entrada;9;0;136;0,0;33;36
transportation;CD_3_saida;C_3_entrada;0;0;95;0,0;59;39
transportation;CD_3_saida;C_3_entrada;1;0;123;0,0;86;46
transportation;CD_3_saida;C_3_entrada;2;0;158;0,0;21;29
transportation;CD_3_saida;C_3_entrada;3;0;108;0,0;68;19
transportation;CD_3_saida;C_3_entrada;4;0;165;0,0;92;53
transportation;CD_3_saida;C_3_entrada;5;0;41;0,0;36;73
transportation;CD_3_saida;C_3_entrada;6;0;137;0,0;81;95
transportation;CD_3_saida;C_3_entrada;7;0;158;0,0;74;21
transportation;CD_3_saida;C_3_entrada;8;0;160;0,0;103;27
transportation;CD_3_saida;C_3_entrada;9;0;138;0,0;65;92
transportation;CD_3_saida;C_4_entrada;0;0;88;0,0;65;23
transportation;CD_3_saida;C_4_entrada;1;0;131;0,0;28;26
transportation;CD_3_saida;C_4_entrada;2;0;191;0,0;100;54
transportation;CD_3_saida;C_4_entrada;3;0;163;0,0;106;57
transportation;CD_3_saida;C_4_entrada;4;0;108;0,0;32;53
transportation;CD_3_saida;C_4_entrada;5;0;160;0,0;24;84
transportation;CD_3_saida;C_4_entrada;6;0;58;0,0;90;93
transportation;CD_3_saida;C_4_entrada;7;0;132;0,0;69;59
transportation;CD_3_saida;C_4_entrada;8;0;140;0,0;68;89
transportation;CD_3_saida;C_4_entrada;9;0;29;0,0;20;46
transportation;CD_3_saida;C_5_entrada;0;0;71;0,0;58;65
transportation;CD_3_saida;C_5_entrada;1;0;141;0,0;92;15
transportation;CD_3_saida;C_5_entrada;2;0;78;0,0;43;54
transportation;CD_3_saida;C_5_entrada;3;0;134;0,0;26;70
transportation;CD_3_saida;C_5_entrada;4;0;57;0,0;95;79
transportation;CD_3_saida;C_5_entrada;5;0;84;0,0;94;42
transportation;CD_3_saida;C_5_entrada;6;0;45;0,0;96;75
transportation;CD_3_saida;C_5_entrada;7;0;151;0,0;45;16
transportation;CD_3_saida;C_5_entrada;8;0;91;0,0;42;69
transportation;CD_3_saida;C_5_entrada;9;0;77;0,0;81;75
transportation;CD_3_saida;C_6_entrada;0;0;129;0,0;48;85
transportation;CD_3_saida;C_6_entrada;1;0;146;0,0;39;31
transportation;CD_3_saida;C_6_entrada;2;0;102;0,0;27;11
transportation;CD_3_saida;C_6_entrada;3;0;47;0,0;34;19
transportation;CD_3_saida;C_6_entrada;4;0;112;0,0;63;33
transportation;CD_3_saida;C_6_entrada;5;0;43;0,0;38;48
transportation;CD_3_saida;C_6_entrada;6;0;90;0,0;60;37
transportation;CD_3_saida;C_6_entrada;7;0;127;0,0;95;64
transportation;CD_3_saida;C_6_entrada;8;0;58;0,0;33;58
transportation;CD_3_saida;C_6_entrada;9;0;122;0,0;55;43
transportation;CD_3_saida;C_7_entrada;0;0;155;0,0;95;81
transportation;CD_3_saida;C_7_entrada;1;0;78;0,0;61;87
transportation;CD_3_saida;C_7_entrada;2;0;127;0,0;80;94
transportation;CD_3_saida;C_7_entrada;3;0;114;0,0;79;72
transportation;CD_3_saida;C_7_entrada;4;0;99;0,0;14;89
transportation;CD_3_saida;C_7_entrada;5;0;112;0,0;64;21
transportation;CD_3_saida;C_7_entrada;6;0;73;0,0;86;16
transportation;CD_3_saida;C_7_entrada;7;0;59;0,0;87;16
transportation;CD_3_saida;C_7_entrada;8;0;60;0,0;14;45
transportation;CD_3_saida;C_7_entrada;9;0;144;0,0;37;81
transportation;CD_3_saida;C_8_entrada;0;0;116;0,0;26;50
transportation;CD_3_saida;C_8_entrada;1;0;73;0,0;72;39
transportation;CD_3_saida;C_8_entrada;2;0;82;0,0;45;97
transportation;CD_3_saida;C_8_entrada;3;0;129;0,0;76;68
transportation;CD_3_saida;C_8_entrada;4;0;171;0,0;103;88
transportation;CD_3_saida;C_8_entrada;5;0;173;0,0;102;58
transportation;CD_3_saida;C_8_entrada;6;0;74;0,0;39;82
transportation;CD_3_saida;C_8_entrada;7;0;128;0,0;96;73
transportation;CD_3_saida;C_8_entrada;8;0;161;0,0;71;96
transportation;CD_3_saida;C_8_entrada;9;0;93;0,0;76;58
transportation;CD_3_saida;C_9_entrada;0;0;72;0,0;60;71
transportation;CD_3_saida;C_9_entrada;1;0;99;0,0;56;81
transportation;CD_3_saida;C_9_entrada;2;0;128;0,0;77;49
transportation;CD_3_saida;C_9_entrada;3;0;55;0,0;105;66
transportation;CD_3_saida;C_9_entrada;4;0;166;0,0;35;37
transportation;CD_3_saida;C_9_entrada;5;0;81;0,0;69;11
transportation;CD_3_saida;C_9_entrada;6;0;141;0,0;96;87
transportation;CD_3_saida;C_9_entrada;7;0;120;0,0;29;29
transportation;CD_3_saida;C_9_entrada;8;0;117;0,0;66;36
transportation;CD_3_saida;C_9_entrada;9;0;87;0,0;107;71
transportation;CD_3_saida;C_10_entrada;0;0;170;0,0;110;29
transportation;CD_3_saida;C_10_entrada;1;0;60;0,0;71;28
transportation;CD_3_saida;C_10_entrada;2;0;115;0,0;53;82
transportation;CD_3_saida;C_10_entrada;3;0;117;0,0;39;87
transportation;CD_3_saida;C_10_entrada;4;0;104;0,0;99;92
transportation;CD_3_saida;C_10_entrada;5;0;179;0,0;47;62
transportation;CD_3_saida;C_10_entrada;6;0;170;0,0;85;30
transportation;CD_3_saida;C_10_entrada;7;0;109;0,0;52;79
transportation;CD_3_saida;C_10_entrada;8;0;134;0,0;83;10
transportation;CD_3_saida;C_10_entrada;9;0;136;0,0;84;21
transportation;CD_3_saida;C_11_entrada;0;0;83;0,0;102;24
transportation;CD_3_saida;C_11_entrada;1;0;98;0,0;97;83
transportation;CD_3_saida;C_11_entrada;2;0;119;0,0;44;34
transportation;CD_3_saida;C_11_entrada;3;0;194;0,0;37;83
transportation;CD_3_saida;C_11_entrada;4;0;99;0,0;35;55
transportation;CD_3_saida;C_11_entrada;5;0;67;0,0;93;85
transportation;CD_3_saida;C_11_entrada;6;0;54;0,0;80;79
transportation;CD_3_saida;C_11_entrada;7;0;101;0,0;30;74
transportation;CD_3_saida;C_11_entrada;8;0;109;0,0;97;16
transportation;CD_3_saida;C_11_entrada;9;0;70;0,0;28;54
transportation;CD_3_saida;C_12_entrada;0;0;117;0,0;19;74
transportation;CD_3_saida;C_12_entrada;1;0;127;0,0;78;12
transportation;CD_3_saida;C_12_entrada;2;0;123;0,0;92;73
transportation;CD_3_saida;C_12_entrada;3;0;124;0,0;69;44
transportation;CD_3_saida;C_12_entrada;4;0;139;0,0;101;58
transportation;CD_3_saida;C_12_entrada;5;0;135;0,0;43;89
transportation;CD_3_saida;C_12_entrada;6;0;91;0,0;76;31
transportation;CD_3_saida;C_12_entrada;7;0;115;0,0;50;17
transportation;CD_3_saida;C_12_entrada;8;0;88;0,0;96;25
transportation;CD_3_saida;C_12_entrada;9;0;79;0,0;44;84
transportation;CD_3_saida;C_13_entrada;0;0;95;0,0;16;45
transportation;CD_3_saida;C_13_entrada;1;0;139;0,0;51;98
transportation;CD_3_saida;C_13_entrada;2;0;125;0,0;72;16
transportation;CD_3_saida;C_13_entrada;3;0;77;0,0;86;43
transportation;CD_3_saida;C_13_entrada;4;0;131;0,0;93;38
transportation;CD_3_saida;C_13_entrada;5;0;170;0,0;67;98
transportation;CD_3_saida;C_13_entrada;6;0;148;0,0;112;86
transportation;CD_3_saida;C_13_entrada;7;0;122;0,0;48;37
transportation;CD_3_saida;C_13_entrada;8;0;104;0,0;94;27
transportation;CD_3_saida;C_13_entrada;9;0;128;0,0;26;45
transportation;CD_3_saida;C_14_entrada;0;0;108;0,0;30;82
transportation;CD_3_saida;C_14_entrada;1;0;119;0,0;105;58
transportation;CD_3_saida;C_14_entrada;2;0;89;0,0;19;35
transportation;CD_3_saida;C_14_entrada;3;0;145;0,0;22;51
transportation;CD_3_saida;C_14_entrada;4;0;148;0,0;79;21
transportation;CD_3_saida;C_14_entrada;5;0;144;0,0;72;40
transportation;CD_3_saida;C_14_entrada;6;0;93;0,0;97;95
transportation;CD_3_saida;C_14_entrada;7;0;146;0,0;35;67
transportation;CD_3_saida;C_14_entrada;8;0;86;0,0;105;27
transportation;CD_3_saida;C_14_entrada;9;0;80;0,0;30;77
transportation;CD_3_saida;C_15_entrada;0;0;112;0,0;97;11
transportation;CD_3_saida;C_15_entrada;1;0;115;0,0;72;68
transportation;CD_3_saida;C_15_entrada;2;0;134;0,0;63;77
transportation;CD_3_saida;C_15_entrada;3;0;93;0,0;71;11
transportation;CD_3_saida;C_15_entrada;4;0;90;0,0;77;77
transportation;CD_3_saida;C_15_entrada;5;0;140;0,0;111;25
transportation;CD_3_saida;C_15_entrada;6;0;43;0,0;22;98
transportation;CD_3_saida;C_15_entrada;7;0;132;0,0;61;79
transportation;CD_3_saida;C_15_entrada;8;0;135;0,0;64;91
transportation;CD_3_saida;C_15_entrada;9;0;106;0,0;20;23
transportation;CD_3_saida;C_16_entrada;0;0;171;0,0;21;69
transportation;CD_3_saida;C_16_entrada;1;0;76;0,0;106;95
transportation;CD_3_saida;C_16_entrada;2;0;159;0,0;28;12
transportation;CD_3_saida;C_16_entrada;3;0;123;0,0;71;43
transportation;CD_3_saida;C_16_entrada;4;0;70;0,0;78;83
transportation;CD_3_saida;C_16_entrada;5;0;113;0,0;36;79
transportation;CD_3_saida;C_16_entrada;6;0;107;0,0;50;57
transportation;CD_3_saida;C_16_entrada;7;0;126;0,0;53;51
transportation;CD_3_saida;C_16_entrada;8;0;105;0,0;54;19
transportation;CD_3_saida;C_16_entrada;9;0;46;0,0;36;70
transportation;CD_3_saida;C_17_entrada;0;0;153;0,0;108;38
transportation;CD_3_saida;C_17_entrada;1;0;45;0,0;96;29
transportation;CD_3_saida;C_17_entrada;2;0;112;0,0;65;28
transportation;CD_3_saida;C_17_entrada;3;0;105;0,0;74;63
transportation;CD_3_saida;C_17_entrada;4;0;66;0,0;78;61
transportation;CD_3_saida;C_17_entrada;5;0;78;0,0;77;35
transportation;CD_3_saida;C_17_entrada;6;0;52;0,0;82;63
transportation;CD_3_saida;C_17_entrada;7;0;133;0,0;36;34
transportation;CD_3_saida;C_17_entrada;8;0;102;0,0;103;42
transportation;CD_3_saida;C_17_entrada;9;0;90;0,0;90;20
transportation;CD_3_saida;C_18_entrada;0;0;41;0,0;50;45
transportation;CD_3_saida;C_18_entrada;1;0;123;0,0;100;14
transportation;CD_3_saida;C_18_entrada;2;0;106;0,0;33;46
transportation;CD_3_saida;C_18_entrada;3;0;119;0,0;51;74
transportation;CD_3_saida;C_18_entrada;4;0;55;0,0;72;76
transportation;CD_3_saida;C_18_entrada;5;0;144;0,0;61;27
transportation;CD_3_saida;C_18_entrada;6;0;162;0,0;15;32
transportation;CD_3_saida;C_18_entrada;7;0;97;0,0;102;41
transportation;CD_3_saida;C_18_entrada;8;0;96;0,0;21;88
transportation;CD_3_saida;C_18_entrada;9;0;138;0,0;30;40
transportation;CD_3_saida;C_19_entrada;0;0;148;0,0;74;52
transportation;CD_3_saida;C_19_entrada;1;0;46;0,0;66;51
transportation;CD_3_saida;C_19_entrada;2;0;135;0,0;60;84
transportation;CD_3_saida;C_19_entrada;3;0;83;0,0;93;61
transportation;CD_3_saida;C_19_entrada;4;0;155;0,0;24;64
transportation;CD_3_saida;C_19_entrada;5;0;133;0,0;101;86
transportation;CD_3_saida;C_19_entrada;6;0;73;0,0;81;60
transportation;CD_3_saida;C_19_entrada;7;0;143;0,0;20;32
transportation;CD_3_saida;C_19_entrada;8;0;105;0,0;15;89
transportation;CD_3_saida;C_19_entrada;9;0;26;0,0;59;20
transportation;CD_4_saida;C_0_entrada;0;0;92;0,0;46;76
transportation;CD_4_saida;C_0_entrada;1;0;63;0,0;84;76
transportation;CD_4_saida;C_0_entrada;2;0;135;0,0;68;22
transportation;CD_4_saida;C_0_entrada;3;0;128;0,0;75;38
transportation;CD_4_saida;C_0_entrada;4;0;167;0,0;104;38
transportation;CD_4_saida;C_0_entrada;5;0;137;0,0;102;28
transportation;CD_4_saida;C_0_entrada;6;0;102;0,0;41;85
transportation;CD_4_saida;C_0_entrada;7;0;137;0,0;34;71
transportation;CD_4_saida;C_0_entrada;8;0;117;0,0;63;61
transportation;CD_4_saida;C_0_entrada;9;0;78;0,0;58;46
transportation;CD_4_saida;C_1_entrada;0;0;111;0,0;49;61
transportation;CD_4_saida;C_1_entrada;1;0;78;0,0;26;19
transportation;CD_4_saida;C_1_entrada;2;0;67;0,0;81;87
transportation;CD_4_saida;C_1_entrada;3;0;144;0,0;81;27
transportation;CD_4_saida;C_1_entrada;4;0;132;0,0;66;49
transportation;CD_4_saida;C_1_entrada;5;0;156;0,0;82;83
transportation;CD_4_saida;C_1_entrada;6;0;111;0,0;48;64
transportation;CD_4_saida;C_1_entrada;7;0;120;0,0;18;43
transportation;CD_4_saida;C_1_entrada;8;0;97;0,0;32;66
transportation;CD_4_saida;C_1_entrada;9;0;80;0,0;87;27
transportation;CD_4_saida;C_2_entrada;0;0;120;0,0;69;69
transportation;CD_4_saida;C_2_entrada;1;0;172;0,0;23;72
transportation;CD_4_saida;C_2_entrada;2;0;114;0,0;63;65
transportation;CD_4_saida;C_2_entrada;3;0;117;0,0;73;85
transportation;CD_4_saida;C_2_entrada;4;0;80;0,0;47;52
transportation;CD_4_saida;C_2_entrada;5;0;44;0,0;86;38
transportation;CD_4_saida;C_2_entrada;6;0;63;0,0;61;14
transportation;CD_4_saida;C_2_entrada;7;0;101;0,0;79;27
transportation;CD_4_saida;C_2_entrada;8;0;108;0,0;77;75
transportation;CD_4_saida;C_2_entrada;9;0;116;0,0;24;60
transportation;CD_4_saida;C_3_entrada;0;0;76;0,0;57;43
transportation;CD_4_saida;C_3_entrada;1;0;93;0,0;91;62
transportation;CD_4_saida;C_3_entrada;2;0;101;0,0;33;10
transportation;CD_4_saida;C_3_entrada;3;0;80;0,0;46;88
transportation;CD_4_saida;C_3_entrada;4;0;131;0,0;45;73
transportation;CD_4_saida;C_3_entrada;5;0;52;0,0;73;17
transportation;CD_4_saida;C_3_entrada;6;0;43;0,0;51;43
transportation;CD_4_saida;C_3_entrada;7;0;113;0,0;90;85
transportation;CD_4_saida;C_3_entrada;8;0;127;0,0;107;38
transportation;CD_4_saida;C_3_entrada;9;0;50;0,0;92;82
transportation;CD_4_saida;C_4_entrada;0;0;111;0,0;78;34
transportation;CD_4_saida;C_4_entrada;1;0;113;0,0;69;12
transportation;CD_4_saida;C_4_entrada;2;0;124;0,0;81;40
transportation;CD_4_saida;C_4_entrada;3;0;87;0,0;21;17
transportation;CD_4_saida;C_4_entrada;4;0;45;0,0;72;80
transportation;CD_4_saida;C_4_entrada;5;0;158;0,0;91;21
transportation;CD_4_saida;C_4_entrada;6;0;123;0,0;34;37
transportation;CD_4_saida;C_4_entrada;7;0;117;0,0;35;57
transportation;CD_4_saida;C_4_entrada;8;0;39;0,0;105;93
transportation;CD_4_saida;C_4_entrada;9;0;187;0,0;86;20
transportation;CD_4_saida;C_5_entrada;0;0;112;0,0;25;98
transportation;CD_4_saida;C_5_entrada;1;0;81;0,0;31;55
transportation;CD_4_saida;C_5_entrada;2;0;54;0,0;88;81
transportation;CD_4_saida;C_5_entrada;3;0;89;0,0;38;24
transportation;CD_4_saida;C_5_entrada;4;0;80;0,0;78;92
transportation;CD_4_saida;C_5_entrada;5;0;49;0,0;73;20
transportation;CD_4_saida;C_5_entrada;6;0;81;0,0;43;64
transportation;CD_4_saida;C_5_entrada;7;0;139;0,0;112;47
transportation;CD_4_saida;C_5_entrada;8;0;95;0,0;98;46
transportation;CD_4_saida;C_5_entrada;9;0;160;0,0;20;28
transportation;CD_4_saida;C_6_entrada;0;0;139;0,0;102;28
transportation;CD_4_saida;C_6_entrada;1;0;148;0,0;32;42
transportation;CD_4_saida;C_6_entrada;2;0;156;0,0;61;84
transportation;CD_4_saida;C_6_entrada;3;0;114;0,0;102;18
transportation;CD_4_saida;C_6_entrada;4;0;88;0,0;28;61
transportation;CD_4_saida;C_6_entrada;5;0;36;0,0;47;16
transportation;CD_4_saida;C_6_entrada;6;0;98;0,0;84;84
transportation;CD_4_saida;C_6_entrada;7;0;105;0,0;22;38
transportation;CD_4_saida;C_6_entrada;8;0;119;0,0;51;59
transportation;CD_4_saida;C_6_entrada;9;0;170;0,0;44;47
transportation;CD_4_saida;C_7_entrada;0;0;95;0,0;46;13
transportation;CD_4_saida;C_7_entrada;1;0;156;0,0;29;29
transportation;CD_4_saida;C_7_entrada;2;0;40;0,0;99;87
transportation;CD_4_saida;C_7_entrada;3;0;139;0,0;106;91
transportation;CD_4_saida;C_7_entrada;4;0;150;0,0;99;45
transportation;CD_4_saida;C_7_entrada;5;0;178;0,0;105;67
transportation;CD_4_saida;C_7_entrada;6;0;142;0,0;83;70
transportation;CD_4_saida;C_7_entrada;7;0;124;0,0;105;23
transportation;CD_4_saida;C_7_entrada;8;0;178;0,0;79;31
transportation;CD_4_saida;C_7_entrada;9;0;91;0,0;48;83
transportation;CD_4_saida;C_8_entrada;0;0;100;0,0;96;79
transportation;CD_4_saida;C_8_entrada;1;0;177;0,0;30;54
transportation;CD_4_saida;C_8_entrada;2;0;98;0,0;44;22
transportation;CD_4_saida;C_8_entrada;3;0;47;0,0;82;25
transportation;CD_4_saida;C_8_entrada;4;0;105;0,0;44;70
transportation;CD_4_saida;C_8_entrada;5;0;120;0,0;98;90
transportation;CD_4_saida;C_8_entrada;6;0;105;0,0;29;77
transportation;CD_4_saida;C_8_entrada;7;0;158;0,0;41;56
transportation;CD_4_saida;C_8_entrada;8;0;103;0,0;61;15
transportation;CD_4_saida;C_8_entrada;9;0;86;0,0;64;49
transportation;CD_4_saida;C_9_entrada;0;0;102;0,0;26;30
transportation;CD_4_saida;C_9_entrada;1;0;120;0,0;79;31
transportation;CD_4_saida;C_9_entrada;2;0;149;0,0;93;46
transportation;CD_4_saida;C_9_entrada;3;0;102;0,0;61;78
transportation;CD_4_saida;C_9_entrada;4;0;77;0,0;77;75
transportation;CD_4_saida;C_9_entrada;5;0;133;0,0;81;10
transportation;CD_4_saida;C_9_entrada;6;0;143;0,0;90;24
transportation;CD_4_saida;C_9_entrada;7;0;125;0,0;89;65
transportation;CD_4_saida;C_9_entrada;8;0;94;0,0;84;22
transportation;CD_4_saida;C_9_entrada;9;0;130;0,0;91;89
transportation;CD_4_saida;C_10_entrada;0;0;134;0,0;44;96
transportation;CD_4_saida;C_10_entrada;1;0;103;0,0;96;43
transportation;CD_4_saida;C_10_entrada;2;0;69;0,0;91;25
transportation;CD_4_saida;C_10_entrada;3;0;154;0,0;62;15
transportation;CD_4_saida;C_10_entrada;4;0;134;0,0;100;85
transportation;CD_4_saida;C_10_entrada;5;0;88;0,0;35;53
transportation;CD_4_saida;C_10_entrada;6;0;110;0,0;89;47
transportation;CD_4_saida;C_10_entrada;7;0;94;0,0;88;41
transportation;CD_4_saida;C_10_entrada;8;0;141;0,0;88;50
transportation;CD_4_saida;C_10_entrada;9;0;122;0,0;98;43
transportation;CD_4_saida;C_11_entrada;0;0;154;0,0;54;65
transportation;CD_4_saida;C_11_entrada;1;0;122;0,0;24;12
transportation;CD_4_saida;C_11_entrada;2;0;82;0,0;66;41
transportation;CD_4_saida;C_11_entrada;3;0;99;0,0;85;63
transportation;CD_4_saida;C_11_entrada;4;0;157;0,0;77;91
transportation;CD_4_saida;C_11_entrada;5;0;160;0,0;35;91
transportation;CD_4_saida;C_11_entrada;6;0;124;0,0;19;50
transportation;CD_4_saida;C_11_entrada;7;0;87;0,0;111;78
transportation;CD_4_saida;C_11_entrada;8;0;69;0,0;32;79
transportation;CD_4_saida;C_11_entrada;9;0;176;0,0;36;73
transportation;CD_4_saida;C_12_entrada;0;0;96;0,0;75;23
transportation;CD_4_saida;C_12_entrada;1;0;155;0,0;20;15
transportation;CD_4_saida;C_12_entrada;2;0;118;0,0;74;87
transportation;CD_4_saida;C_12_entrada;3;0;115;0,0;24;69
transportation;CD_4_saida;C_12_entrada;4;0;89;0,0;75;76
transportation;CD_4_saida;C_12_entrada;5;0;71;0,0;47;47
transportation;CD_4_saida;C_12_entrada;6;0;122;0,0;66;78
transportation;CD_4_saida;C_12_entrada;7;0;158;0,0;58;68
transportation;CD_4_saida;C_12_entrada;8;0;120;0,0;87;85
transportation;CD_4_saida;C_12_entrada;9;0;83;0,0;40;99
transportation;CD_4_saida;C_13_entrada;0;0;52;0,0;62;11
transportation;CD_4_saida;C_13_entrada;1;0;87;0,0;43;23
transportation;CD_4_saida;C_13_entrada;2;0;125;0,0;91;90
transportation;CD_4_saida;C_13_entrada;3;0;125;0,0;38;96
transportation;CD_4_saida;C_13_entrada;4;0;90;0,0;54;94
transportation;CD_4_saida;C_13_entrada;5;0;148;0,0;89;12
transportation;CD_4_saida;C_13_entrada;6;0;72;0,0;106;90
transportation;CD_4_saida;C_13_entrada;7;0;45;0,0;96;31
transportation;CD_4_saida;C_13_entrada;8;0;107;0,0;80;58
transportation;CD_4_saida;C_13_entrada;9;0;66;0,0;54;89
transportation;CD_4_saida;C_14_entrada;0;0;147;0,0;88;91
transportation;CD_4_saida;C_14_entrada;1;0;113;0,0;87;53
transportation;CD_4_saida;C_14_entrada;2;0;100;0,0;79;35
transportation;CD_4_saida;C_14_entrada;3;0;117;0,0;37;93
transportation;CD_4_saida;C_14_entrada;4;0;45;0,0;96;97
transportation;CD_4_saida;C_14_entrada;5;0;61;0,0;47;17
transportation;CD_4_saida;C_14_entrada;6;0;71;0,0;47;93
transportation;CD_4_saida;C_14_entrada;7;0;24;0,0;41;32
transportation;CD_4_saida;C_14_entrada;8;0;181;0,0;15;86
transportation;CD_4_saida;C_14_entrada;9;0;123;0,0;67;54
transportation;CD_4_saida;C_15_entrada;0;0;107;0,0;100;10
transportation;CD_4_saida;C_15_entrada;1;0;136;0,0;81;37
transportation;CD_4_saida;C_15_entrada;2;0;167;0,0;111;18
transportation;CD_4_saida;C_15_entrada;3;0;148;0,0;69;17
transportation;CD_4_saida;C_15_entrada;4;0;139;0,0;23;18
transportation;CD_4_saida;C_15_entrada;5;0;31;0,0;53;99
transportation;CD_4_saida;C_15_entrada;6;0;96;0,0;22;86
transportation;CD_4_saida;C_15_entrada;7;0;107;0,0;24;67
transportation;CD_4_saida;C_15_entrada;8;0;49;0,0;68;14
transportation;CD_4_saida;C_15_entrada;9;0;151;0,0;18;98
transportation;CD_4_saida;C_16_entrada;0;0;115;0,0;71;93
transportation;CD_4_saida;C_16_entrada;1;0;48;0,0;42;49
transportation;CD_4_saida;C_16_entrada;2;0;142;0,0;57;79
transportation;CD_4_saida;C_16_entrada;3;0;152;0,0;70;88
transportation;CD_4_saida;C_16_entrada;4;0;184;0,0;48;14
transportation;CD_4_saida;C_16_entrada;5;0;60;0,0;30;38
transportation;CD_4_saida;C_16_entrada;6;0;118;0,0;49;87
transportation;CD_4_saida;C_16_entrada;7;0;156;0,0;72;53
transportation;CD_4_saida;C_16_entrada;8;0;70;0,0;23;73
transportation;CD_4_saida;C_16_entrada;9;0;66;0,0;41;15
transportation;CD_4_saida;C_17_entrada;0;0;106;0,0;42;43
transportation;CD_4_saida;C_17_entrada;1;0;22;0,0;83;80
transportation;CD_4_saida;C_17_entrada;2;0;60;0,0;60;26
transportation;CD_4_saida;C_17_entrada;3;0;93;0,0;87;97
transportation;CD_4_saida;C_17_entrada;4;0;56;0,0;74;49
transportation;CD_4_saida;C_17_entrada;5;0;150;0,0;27;83
transportation;CD_4_saida;C_17_entrada;6;0;107;0,0;40;41
transportation;CD_4_saida;C_17_entrada;7;0;141;0,0;74;74
transportation;CD_4_saida;C_17_entrada;8;0;163;0,0;82;28
transportation;CD_4_saida;C_17_entrada;9;0;175;0,0;70;96
transportation;CD_4_saida;C_18_entrada;0;0;56;0,0;108;43
transportation;CD_4_saida;C_18_entrada;1;0;124;0,0;29;13
transportation;CD_4_saida;C_18_entrada;2;0;110;0,0;32;75
transportation;CD_4_saida;C_18_entrada;3;0;174;0,0;69;86
transportation;CD_4_saida;C_18_entrada;4;0;138;0,0;30;18
transportation;CD_4_saida;C_18_entrada;5;0;149;0,0;61;62
transportation;CD_4_saida;C_18_entrada;6;0;120;0,0;49;80
transportation;CD_4_saida;C_18_entrada;7;0;72;0,0;88;20
transportation;CD_4_saida;C_18_entrada;8;0;102;0,0;86;23
transportation;CD_4_saida;C_18_entrada;9;0;121;0,0;79;94
transportation;CD_4_saida;C_19_entrada;0;0;59;0,0;103;13
transportation;CD_4_saida;C_19_entrada;1;0;157;0,0;61;51
transportation;CD_4_saida;C_19_entrada;2;0;104;0,0;111;93
transportation;CD_4_saida;C_19_entrada;3;0;102;0,0;106;77
transportation;CD_4_saida;C_19_entrada;4;0;117;0,0;73;61
transportation;CD_4_saida;C_19_entrada;5;0;89;0,0;60;61
transportation;CD_4_saida;C_19_entrada;6;0;71;0,0;93;29
transportation;CD_4_saida;C_19_entrada;7;0;87;0,0;37;73
transportation;CD_4_saida;C_19_entrada;8;0;98;0,0;66;35
transportation;CD_4_saida;C_19_entrada;9;0;47;0,0;50;82
