org;dest;sku;volume
F_0_entrada;F_0_saida;0;20
F_0_entrada;F_0_saida;1;20
F_0_entrada;F_0_saida;2;20
F_0_entrada;F_0_saida;3;20
F_0_entrada;F_0_saida;4;20
F_0_entrada;F_0_saida;5;20
F_0_entrada;F_0_saida;6;20
F_0_entrada;F_0_saida;7;20
F_0_entrada;F_0_saida;8;20
F_0_entrada;F_0_saida;9;20
F_1_entrada;F_1_saida;0;20
F_1_entrada;F_1_saida;1;20
F_1_entrada;F_1_saida;2;20
F_1_entrada;F_1_saida;3;20
F_1_entrada;F_1_saida;4;20
F_1_entrada;F_1_saida;5;20
F_1_entrada;F_1_saida;6;20
F_1_entrada;F_1_saida;7;20
F_1_entrada;F_1_saida;8;20
F_1_entrada;F_1_saida;9;20
F_2_entrada;F_2_saida;0;20
F_2_entrada;F_2_saida;1;20
F_2_entrada;F_2_saida;2;20
F_2_entrada;F_2_saida;3;20
F_2_entrada;F_2_saida;4;20
F_2_entrada;F_2_saida;5;20
F_2_entrada;F_2_saida;6;20
F_2_entrada;F_2_saida;7;20
F_2_entrada;F_2_saida;8;20
F_2_entrada;F_2_saida;9;20
F_3_entrada;F_3_saida;0;20
F_3_entrada;F_3_saida;1;20
F_3_entrada;F_3_saida;2;20
F_3_entrada;F_3_saida;3;20
F_3_entrada;F_3_saida;4;20
F_3_entrada;F_3_saida;5;20
F_3_entrada;F_3_saida;6;20
F_3_entrada;F_3_saida;7;20
F_3_entrada;F_3_saida;8;20
F_3_entrada;F_3_saida;9;20
F_4_entrada;F_4_saida;0;20
F_4_entrada;F_4_saida;1;20
F_4_entrada;F_4_saida;2;20
F_4_entrada;F_4_saida;3;20
F_4_entrada;F_4_saida;4;20
F_4_entrada;F_4_saida;5;20
F_4_entrada;F_4_saida;6;20
F_4_entrada;F_4_saida;7;20
F_4_entrada;F_4_saida;8;20
F_4_entrada;F_4_saida;9;20
CD_0_entrada;CD_0_saida;0;20
CD_0_entrada;CD_0_saida;1;5.40782
CD_0_entrada;CD_0_saida;2;35
CD_0_entrada;CD_0_saida;3;5
CD_0_entrada;CD_0_saida;4;35
CD_0_entrada;CD_0_saida;5;25
CD_0_entrada;CD_0_saida;6;15
CD_0_entrada;CD_0_saida;7;29.25
CD_0_entrada;CD_0_saida;8;5
CD_0_entrada;CD_0_saida;9;28.0929
CD_1_entrada;CD_1_saida;0;20
CD_1_entrada;CD_1_saida;1;14.5922
CD_1_entrada;CD_1_saida;2;35
CD_1_entrada;CD_1_saida;3;35.8049
CD_1_entrada;CD_1_saida;4;35
CD_1_entrada;CD_1_saida;5;25
CD_1_entrada;CD_1_saida;6;20
CD_1_entrada;CD_1_saida;7;10.75
CD_1_entrada;CD_1_saida;8;20
CD_1_entrada;CD_1_saida;9;5
CD_2_entrada;CD_2_saida;0;20
CD_2_entrada;CD_2_saida;1;20
CD_2_entrada;CD_2_saida;2;5
CD_2_entrada;CD_2_saida;3;30
CD_2_entrada;CD_2_saida;4;5
CD_2_entrada;CD_2_saida;5;35
CD_2_entrada;CD_2_saida;6;30
CD_2_entrada;CD_2_saida;7;20
CD_2_entrada;CD_2_saida;8;35
CD_2_entrada;CD_2_saida;9;23.3333
CD_3_entrada;CD_3_saida;0;20
CD_3_entrada;CD_3_saida;1;35
CD_3_entrada;CD_3_saida;2;15
CD_3_entrada;CD_3_saida;3;5
CD_3_entrada;CD_3_saida;4;5
CD_3_entrada;CD_3_saida;5;10
CD_3_entrada;CD_3_saida;6;20
CD_3_entrada;CD_3_saida;7;5
CD_3_entrada;CD_3_saida;8;35
CD_3_entrada;CD_3_saida;9;20
CD_4_entrada;CD_4_saida;0;20
CD_4_entrada;CD_4_saida;1;25
CD_4_entrada;CD_4_saida;2;10
CD_4_entrada;CD_4_saida;3;24.1951
CD_4_entrada;CD_4_saida;4;20
CD_4_entrada;CD_4_saida;5;5
CD_4_entrada;CD_4_saida;6;15
CD_4_entrada;CD_4_saida;7;35
CD_4_entrada;CD_4_saida;8;5
CD_4_entrada;CD_4_saida;9;23.5737
C_0_entrada;C_0_saida;0;5
C_0_entrada;C_0_saida;1;5
C_0_entrada;C_0_saida;2;5
C_0_entrada;C_0_saida;3;5
C_0_entrada;C_0_saida;4;5
C_0_entrada;C_0_saida;5;5
C_0_entrada;C_0_saida;6;5
C_0_entrada;C_0_saida;7;5
C_0_entrada;C_0_saida;8;5
C_0_entrada;C_0_saida;9;5
C_1_entrada;C_1_saida;0;5
C_1_entrada;C_1_saida;1;5
C_1_entrada;C_1_saida;2;5
C_1_entrada;C_1_saida;3;5
C_1_entrada;C_1_saida;4;5
C_1_entrada;C_1_saida;5;5
C_1_entrada;C_1_saida;6;5
C_1_entrada;C_1_saida;7;5
C_1_entrada;C_1_saida;8;5
C_1_entrada;C_1_saida;9;5
C_2_entrada;C_2_saida;0;5
C_2_entrada;C_2_saida;1;5
C_2_entrada;C_2_saida;2;5
C_2_entrada;C_2_saida;3;5
C_2_entrada;C_2_saida;4;5
C_2_entrada;C_2_saida;5;5
C_2_entrada;C_2_saida;6;5
C_2_entrada;C_2_saida;7;5
C_2_entrada;C_2_saida;8;5
C_2_entrada;C_2_saida;9;5
C_3_entrada;C_3_saida;0;5
C_3_entrada;C_3_saida;1;5
C_3_entrada;C_3_saida;2;5
C_3_entrada;C_3_saida;3;5
C_3_entrada;C_3_saida;4;5
C_3_entrada;C_3_saida;5;5
C_3_entrada;C_3_saida;6;5
C_3_entrada;C_3_saida;7;5
C_3_entrada;C_3_saida;8;5
C_3_entrada;C_3_saida;9;5
C_4_entrada;C_4_saida;0;5
C_4_entrada;C_4_saida;1;5
C_4_entrada;C_4_saida;2;5
C_4_entrada;C_4_saida;3;5
C_4_entrada;C_4_saida;4;5
C_4_entrada;C_4_saida;5;5
C_4_entrada;C_4_saida;6;5
C_4_entrada;C_4_saida;7;5
C_4_entrada;C_4_saida;8;5
C_4_entrada;C_4_saida;9;5
C_5_entrada;C_5_saida;0;5
C_5_entrada;C_5_saida;1;5
C_5_entrada;C_5_saida;2;5
C_5_entrada;C_5_saida;3;5
C_5_entrada;C_5_saida;4;5
C_5_entrada;C_5_saida;5;5
C_5_entrada;C_5_saida;6;5
C_5_entrada;C_5_saida;7;5
C_5_entrada;C_5_saida;8;5
C_5_entrada;C_5_saida;9;5
C_6_entrada;C_6_saida;0;5
C_6_entrada;C_6_saida;1;5
C_6_entrada;C_6_saida;2;5
C_6_entrada;C_6_saida;3;5
C_6_entrada;C_6_saida;4;5
C_6_entrada;C_6_saida;5;5
C_6_entrada;C_6_saida;6;5
C_6_entrada;C_6_saida;7;5
C_6_entrada;C_6_saida;8;5
C_6_entrada;C_6_saida;9;5
C_7_entrada;C_7_saida;0;5
C_7_entrada;C_7_saida;1;5
C_7_entrada;C_7_saida;2;5
C_7_entrada;C_7_saida;3;5
C_7_entrada;C_7_saida;4;5
C_7_entrada;C_7_saida;5;5
C_7_entrada;C_7_saida;6;5
C_7_entrada;C_7_saida;7;5
C_7_entrada;C_7_saida;8;5
C_7_entrada;C_7_saida;9;5
C_8_entrada;C_8_saida;0;5
C_8_entrada;C_8_saida;1;5
C_8_entrada;C_8_saida;2;5
C_8_entrada;C_8_saida;3;5
C_8_entrada;C_8_saida;4;5
C_8_entrada;C_8_saida;5;5
C_8_entrada;C_8_saida;6;5
C_8_entrada;C_8_saida;7;5
C_8_entrada;C_8_saida;8;5
C_8_entrada;C_8_saida;9;5
C_9_entrada;C_9_saida;0;5
C_9_entrada;C_9_saida;1;5
C_9_entrada;C_9_saida;2;5
C_9_entrada;C_9_saida;3;5
C_9_entrada;C_9_saida;4;5
C_9_entrada;C_9_saida;5;5
C_9_entrada;C_9_saida;6;5
C_9_entrada;C_9_saida;7;5
C_9_entrada;C_9_saida;8;5
C_9_entrada;C_9_saida;9;5
C_10_entrada;C_10_saida;0;5
C_10_entrada;C_10_saida;1;5
C_10_entrada;C_10_saida;2;5
C_10_entrada;C_10_saida;3;5
C_10_entrada;C_10_saida;4;5
C_10_entrada;C_10_saida;5;5
C_10_entrada;C_10_saida;6;5
C_10_entrada;C_10_saida;7;5
C_10_entrada;C_10_saida;8;5
C_10_entrada;C_10_saida;9;5
C_11_entrada;C_11_saida;0;5
C_11_entrada;C_11_saida;1;5
C_11_entrada;C_11_saida;2;5
C_11_entrada;C_11_saida;3;5
C_11_entrada;C_11_saida;4;5
C_11_entrada;C_11_saida;5;5
C_11_entrada;C_11_saida;6;5
C_11_entrada;C_11_saida;7;5
C_11_entrada;C_11_saida;8;5
C_11_entrada;C_11_saida;9;5
C_12_entrada;C_12_saida;0;5
C_12_entrada;C_12_saida;1;5
C_12_entrada;C_12_saida;2;5
C_12_entrada;C_12_saida;3;5
C_12_entrada;C_12_saida;4;5
C_12_entrada;C_12_saida;5;5
C_12_entrada;C_12_saida;6;5
C_12_entrada;C_12_saida;7;5
C_12_entrada;C_12_saida;8;5
C_12_entrada;C_12_saida;9;5
C_13_entrada;C_13_saida;0;5
C_13_entrada;C_13_saida;1;5
C_13_entrada;C_13_saida;2;5
C_13_entrada;C_13_saida;3;5
C_13_entrada;C_13_saida;4;5
C_13_entrada;C_13_saida;5;5
C_13_entrada;C_13_saida;6;5
C_13_entrada;C_13_saida;7;5
C_13_entrada;C_13_saida;8;5
C_13_entrada;C_13_saida;9;5
C_14_entrada;C_14_saida;0;5
C_14_entrada;C_14_saida;1;5
C_14_entrada;C_14_saida;2;5
C_14_entrada;C_14_saida;3;5
C_14_entrada;C_14_saida;4;5
C_14_entrada;C_14_saida;5;5
C_14_entrada;C_14_saida;6;5
C_14_entrada;C_14_saida;7;5
C_14_entrada;C_14_saida;8;5
C_14_entrada;C_14_saida;9;5
C_15_entrada;C_15_saida;0;5
C_15_entrada;C_15_saida;1;5
C_15_entrada;C_15_saida;2;5
C_15_entrada;C_15_saida;3;5
C_15_entrada;C_15_saida;4;5
C_15_entrada;C_15_saida;5;5
C_15_entrada;C_15_saida;6;5
C_15_entrada;C_15_saida;7;5
C_15_entrada;C_15_saida;8;5
C_15_entrada;C_15_saida;9;5
C_16_entrada;C_16_saida;0;5
C_16_entrada;C_16_saida;1;5
C_16_entrada;C_16_saida;2;5
C_16_entrada;C_16_saida;3;5
C_16_entrada;C_16_saida;4;5
C_16_entrada;C_16_saida;5;5
C_16_entrada;C_16_saida;6;5
C_16_entrada;C_16_saida;7;5
C_16_entrada;C_16_saida;8;5
C_16_entrada;C_16_saida;9;5
C_17_entrada;C_17_saida;0;5
C_17_entrada;C_17_saida;1;5
C_17_entrada;C_17_saida;2;5
C_17_entrada;C_17_saida;3;5
C_17_entrada;C_17_saida;4;5
C_17_entrada;C_17_saida;5;5
C_17_entrada;C_17_saida;6;5
C_17_entrada;C_17_saida;7;5
C_17_entrada;C_17_saida;8;5
C_17_entrada;C_17_saida;9;5
C_18_entrada;C_18_saida;0;5
C_18_entrada;C_18_saida;1;5
C_18_entrada;C_18_saida;2;5
C_18_entrada;C_18_saida;3;5
C_18_entrada;C_18_saida;4;5
C_18_entrada;C_18_saida;5;5
C_18_entrada;C_18_saida;6;5
C_18_entrada;C_18_saida;7;5
C_18_entrada;C_18_saida;8;5
C_18_entrada;C_18_saida;9;5
C_19_entrada;C_19_saida;0;5
C_19_entrada;C_19_saida;1;5
C_19_entrada;C_19_saida;2;5
C_19_entrada;C_19_saida;3;5
C_19_entrada;C_19_saida;4;5
C_19_entrada;C_19_saida;5;5
C_19_entrada;C_19_saida;6;5
C_19_entrada;C_19_saida;7;5
C_19_entrada;C_19_saida;8;5
C_19_entrada;C_19_saida;9;5
F_0_saida;CD_0_entrada;0;1
F_0_saida;CD_0_entrada;1;1
F_0_saida;CD_0_entrada;2;1
F_0_saida;CD_0_entrada;3;1
F_0_saida;CD_0_entrada;4;16
F_0_saida;CD_0_entrada;5;1
F_0_saida;CD_0_entrada;6;11
F_0_saida;CD_0_entrada;7;10.25
F_0_saida;CD_0_entrada;8;1
F_0_saida;CD_0_entrada;9;1
F_0_saida;CD_1_entrada;0;1
F_0_saida;CD_1_entrada;1;1
F_0_saida;CD_1_entrada;2;16
F_0_saida;CD_1_entrada;3;1
F_0_saida;CD_1_entrada;4;1
F_0_saida;CD_1_entrada;5;1
F_0_saida;CD_1_entrada;6;1
F_0_saida;CD_1_entrada;7;6.75
F_0_saida;CD_1_entrada;8;1
F_0_saida;CD_1_entrada;9;1
F_0_saida;CD_2_entrada;0;1
F_0_saida;CD_2_entrada;1;1
F_0_saida;CD_2_entrada;2;1
F_0_saida;CD_2_entrada;3;1
F_0_saida;CD_2_entrada;4;1
F_0_saida;CD_2_entrada;5;16
F_0_saida;CD_2_entrada;6;2.96453
F_0_saida;CD_2_entrada;7;1
F_0_saida;CD_2_entrada;8;1
F_0_saida;CD_2_entrada;9;1
F_0_saida;CD_3_entrada;0;1
F_0_saida;CD_3_entrada;1;16
F_0_saida;CD_3_entrada;2;1
F_0_saida;CD_3_entrada;3;1
F_0_saida;CD_3_entrada;4;1
F_0_saida;CD_3_entrada;5;1
F_0_saida;CD_3_entrada;6;4.03547
F_0_saida;CD_3_entrada;7;1
F_0_saida;CD_3_entrada;8;16
F_0_saida;CD_3_entrada;9;1.35703
F_0_saida;CD_4_entrada;0;16
F_0_saida;CD_4_entrada;1;1
F_0_saida;CD_4_entrada;2;1
F_0_saida;CD_4_entrada;3;16
F_0_saida;CD_4_entrada;4;1
F_0_saida;CD_4_entrada;5;1
F_0_saida;CD_4_entrada;6;1
F_0_saida;CD_4_entrada;7;1
F_0_saida;CD_4_entrada;8;1
F_0_saida;CD_4_entrada;9;15.643
F_1_saida;CD_0_entrada;0;16
F_1_saida;CD_0_entrada;1;1
F_1_saida;CD_0_entrada;2;1
F_1_saida;CD_0_entrada;3;1
F_1_saida;CD_0_entrada;4;1
F_1_saida;CD_0_entrada;5;6
F_1_saida;CD_0_entrada;6;1
F_1_saida;CD_0_entrada;7;1
F_1_saida;CD_0_entrada;8;1
F_1_saida;CD_0_entrada;9;9.09294
F_1_saida;CD_1_entrada;0;1
F_1_saida;CD_1_entrada;1;1
F_1_saida;CD_1_entrada;2;6
F_1_saida;CD_1_entrada;3;11.8049
F_1_saida;CD_1_entrada;4;1
F_1_saida;CD_1_entrada;5;11
F_1_saida;CD_1_entrada;6;16
F_1_saida;CD_1_entrada;7;1
F_1_saida;CD_1_entrada;8;1
F_1_saida;CD_1_entrada;9;1
F_1_saida;CD_2_entrada;0;1
F_1_saida;CD_2_entrada;1;16
F_1_saida;CD_2_entrada;2;1
F_1_saida;CD_2_entrada;3;1
F_1_saida;CD_2_entrada;4;1
F_1_saida;CD_2_entrada;5;1
F_1_saida;CD_2_entrada;6;1
F_1_saida;CD_2_entrada;7;1
F_1_saida;CD_2_entrada;8;16
F_1_saida;CD_2_entrada;9;7.90706
F_1_saida;CD_3_entrada;0;1
F_1_saida;CD_3_entrada;1;1
F_1_saida;CD_3_entrada;2;11
F_1_saida;CD_3_entrada;3;1
F_1_saida;CD_3_entrada;4;1
F_1_saida;CD_3_entrada;5;1
F_1_saida;CD_3_entrada;6;1
F_1_saida;CD_3_entrada;7;1
F_1_saida;CD_3_entrada;8;1
F_1_saida;CD_3_entrada;9;1
F_1_saida;CD_4_entrada;0;1
F_1_saida;CD_4_entrada;1;1
F_1_saida;CD_4_entrada;2;1
F_1_saida;CD_4_entrada;3;5.19514
F_1_saida;CD_4_entrada;4;16
F_1_saida;CD_4_entrada;5;1
F_1_saida;CD_4_entrada;6;1
F_1_saida;CD_4_entrada;7;16
F_1_saida;CD_4_entrada;8;1
F_1_saida;CD_4_entrada;9;1
F_2_saida;CD_0_entrada;0;1
F_2_saida;CD_0_entrada;1;1
F_2_saida;CD_0_entrada;2;1
F_2_saida;CD_0_entrada;3;1
F_2_saida;CD_0_entrada;4;1
F_2_saida;CD_0_entrada;5;1
F_2_saida;CD_0_entrada;6;1
F_2_saida;CD_0_entrada;7;1
F_2_saida;CD_0_entrada;8;1
F_2_saida;CD_0_entrada;9;1
F_2_saida;CD_1_entrada;0;1
F_2_saida;CD_1_entrada;1;1
F_2_saida;CD_1_entrada;2;11
F_2_saida;CD_1_entrada;3;1
F_2_saida;CD_1_entrada;4;16
F_2_saida;CD_1_entrada;5;11
F_2_saida;CD_1_entrada;6;1
F_2_saida;CD_1_entrada;7;1
F_2_saida;CD_1_entrada;8;1
F_2_saida;CD_1_entrada;9;1
F_2_saida;CD_2_entrada;0;16
F_2_saida;CD_2_entrada;1;1
F_2_saida;CD_2_entrada;2;1
F_2_saida;CD_2_entrada;3;16
F_2_saida;CD_2_entrada;4;1
F_2_saida;CD_2_entrada;5;1
F_2_saida;CD_2_entrada;6;1
F_2_saida;CD_2_entrada;7;16
F_2_saida;CD_2_entrada;8;16
F_2_saida;CD_2_entrada;9;1
F_2_saida;CD_3_entrada;0;1
F_2_saida;CD_3_entrada;1;16
F_2_saida;CD_3_entrada;2;1
F_2_saida;CD_3_entrada;3;1
F_2_saida;CD_3_entrada;4;1
F_2_saida;CD_3_entrada;5;6
F_2_saida;CD_3_entrada;6;12.9645
F_2_saida;CD_3_entrada;7;1
F_2_saida;CD_3_entrada;8;1
F_2_saida;CD_3_entrada;9;12.0692
F_2_saida;CD_4_entrada;0;1
F_2_saida;CD_4_entrada;1;1
F_2_saida;CD_4_entrada;2;6
F_2_saida;CD_4_entrada;3;1
F_2_saida;CD_4_entrada;4;1
F_2_saida;CD_4_entrada;5;1
F_2_saida;CD_4_entrada;6;4.03547
F_2_saida;CD_4_entrada;7;1
F_2_saida;CD_4_entrada;8;1
F_2_saida;CD_4_entrada;9;4.93075
F_3_saida;CD_0_entrada;0;1
F_3_saida;CD_0_entrada;1;1
F_3_saida;CD_0_entrada;2;16
F_3_saida;CD_0_entrada;3;1
F_3_saida;CD_0_entrada;4;16
F_3_saida;CD_0_entrada;5;1
F_3_saida;CD_0_entrada;6;1
F_3_saida;CD_0_entrada;7;16
F_3_saida;CD_0_entrada;8;1
F_3_saida;CD_0_entrada;9;16
F_3_saida;CD_1_entrada;0;1
F_3_saida;CD_1_entrada;1;1
F_3_saida;CD_1_entrada;2;1
F_3_saida;CD_1_entrada;3;16
F_3_saida;CD_1_entrada;4;1
F_3_saida;CD_1_entrada;5;1
F_3_saida;CD_1_entrada;6;1
F_3_saida;CD_1_entrada;7;1
F_3_saida;CD_1_entrada;8;16
F_3_saida;CD_1_entrada;9;1
F_3_saida;CD_2_entrada;0;1
F_3_saida;CD_2_entrada;1;1
F_3_saida;CD_2_entrada;2;1
F_3_saida;CD_2_entrada;3;1
F_3_saida;CD_2_entrada;4;1
F_3_saida;CD_2_entrada;5;16
F_3_saida;CD_2_entrada;6;9.03547
F_3_saida;CD_2_entrada;7;1
F_3_saida;CD_2_entrada;8;1
F_3_saida;CD_2_entrada;9;1
F_3_saida;CD_3_entrada;0;16
F_3_saida;CD_3_entrada;1;1
F_3_saida;CD_3_entrada;2;1
F_3_saida;CD_3_entrada;3;1
F_3_saida;CD_3_entrada;4;1
F_3_saida;CD_3_entrada;5;1
F_3_saida;CD_3_entrada;6;1
F_3_saida;CD_3_entrada;7;1
F_3_saida;CD_3_entrada;8;1
F_3_saida;CD_3_entrada;9;1
F_3_saida;CD_4_entrada;0;1
F_3_saida;CD_4_entrada;1;16
F_3_saida;CD_4_entrada;2;1
F_3_saida;CD_4_entrada;3;1
F_3_saida;CD_4_entrada;4;1
F_3_saida;CD_4_entrada;5;1
F_3_saida;CD_4_entrada;6;7.96453
F_3_saida;CD_4_entrada;7;1
F_3_saida;CD_4_entrada;8;1
F_3_saida;CD_4_entrada;9;1
F_4_saida;CD_0_entrada;0;1
F_4_saida;CD_0_entrada;1;1.40782
F_4_saida;CD_0_entrada;2;16
F_4_saida;CD_0_entrada;3;1
F_4_saida;CD_0_entrada;4;1
F_4_saida;CD_0_entrada;5;16
F_4_saida;CD_0_entrada;6;1
F_4_saida;CD_0_entrada;7;1
F_4_saida;CD_0_entrada;8;1
F_4_saida;CD_0_entrada;9;1
F_4_saida;CD_1_entrada;0;16
F_4_saida;CD_1_entrada;1;10.5922
F_4_saida;CD_1_entrada;2;1
F_4_saida;CD_1_entrada;3;6
F_4_saida;CD_1_entrada;4;16
F_4_saida;CD_1_entrada;5;1
F_4_saida;CD_1_entrada;6;1
F_4_saida;CD_1_entrada;7;1
F_4_saida;CD_1_entrada;8;1
F_4_saida;CD_1_entrada;9;1
F_4_saida;CD_2_entrada;0;1
F_4_saida;CD_2_entrada;1;1
F_4_saida;CD_2_entrada;2;1
F_4_saida;CD_2_entrada;3;11
F_4_saida;CD_2_entrada;4;1
F_4_saida;CD_2_entrada;5;1
F_4_saida;CD_2_entrada;6;16
F_4_saida;CD_2_entrada;7;1
F_4_saida;CD_2_entrada;8;1
F_4_saida;CD_2_entrada;9;12.4263
F_4_saida;CD_3_entrada;0;1
F_4_saida;CD_3_entrada;1;1
F_4_saida;CD_3_entrada;2;1
F_4_saida;CD_3_entrada;3;1
F_4_saida;CD_3_entrada;4;1
F_4_saida;CD_3_entrada;5;1
F_4_saida;CD_3_entrada;6;1
F_4_saida;CD_3_entrada;7;1
F_4_saida;CD_3_entrada;8;16
F_4_saida;CD_3_entrada;9;4.57373
F_4_saida;CD_4_entrada;0;1
F_4_saida;CD_4_entrada;1;6
F_4_saida;CD_4_entrada;2;1
F_4_saida;CD_4_entrada;3;1
F_4_saida;CD_4_entrada;4;1
F_4_saida;CD_4_entrada;5;1
F_4_saida;CD_4_entrada;6;1
F_4_saida;CD_4_entrada;7;16
F_4_saida;CD_4_entrada;8;1
F_4_saida;CD_4_entrada;9;1
CD_0_saida;CD_1_entrada;0;0
CD_0_saida;CD_1_entrada;1;0
CD_0_saida;CD_1_entrada;2;0
CD_0_saida;CD_1_entrada;3;0
CD_0_saida;CD_1_entrada;4;0
CD_0_saida;CD_1_entrada;5;0
CD_0_saida;CD_1_entrada;6;0
CD_0_saida;CD_1_entrada;7;0
CD_0_saida;CD_1_entrada;8;0
CD_0_saida;CD_1_entrada;9;0
CD_0_saida;CD_2_entrada;0;0
CD_0_saida;CD_2_entrada;1;0
CD_0_saida;CD_2_entrada;2;0
CD_0_saida;CD_2_entrada;3;0
CD_0_saida;CD_2_entrada;4;0
CD_0_saida;CD_2_entrada;5;0
CD_0_saida;CD_2_entrada;6;0
CD_0_saida;CD_2_entrada;7;0
CD_0_saida;CD_2_entrada;8;0
CD_0_saida;CD_2_entrada;9;0
CD_0_saida;CD_3_entrada;0;0
CD_0_saida;CD_3_entrada;1;0
CD_0_saida;CD_3_entrada;2;0
CD_0_saida;CD_3_entrada;3;0
CD_0_saida;CD_3_entrada;4;0
CD_0_saida;CD_3_entrada;5;0
CD_0_saida;CD_3_entrada;6;0
CD_0_saida;CD_3_entrada;7;0
CD_0_saida;CD_3_entrada;8;0
CD_0_saida;CD_3_entrada;9;0
CD_0_saida;CD_4_entrada;0;0
CD_0_saida;CD_4_entrada;1;0
CD_0_saida;CD_4_entrada;2;0
CD_0_saida;CD_4_entrada;3;0
CD_0_saida;CD_4_entrada;4;0
CD_0_saida;CD_4_entrada;5;0
CD_0_saida;CD_4_entrada;6;0
CD_0_saida;CD_4_entrada;7;0
CD_0_saida;CD_4_entrada;8;0
CD_0_saida;CD_4_entrada;9;0
CD_1_saida;CD_0_entrada;0;0
CD_1_saida;CD_0_entrada;1;0
CD_1_saida;CD_0_entrada;2;0
CD_1_saida;CD_0_entrada;3;0
CD_1_saida;CD_0_entrada;4;0
CD_1_saida;CD_0_entrada;5;0
CD_1_saida;CD_0_entrada;6;0
CD_1_saida;CD_0_entrada;7;0
CD_1_saida;CD_0_entrada;8;0
CD_1_saida;CD_0_entrada;9;0
CD_1_saida;CD_2_entrada;0;0
CD_1_saida;CD_2_entrada;1;0
CD_1_saida;CD_2_entrada;2;0
CD_1_saida;CD_2_entrada;3;0
CD_1_saida;CD_2_entrada;4;0
CD_1_saida;CD_2_entrada;5;0
CD_1_saida;CD_2_entrada;6;0
CD_1_saida;CD_2_entrada;7;0
CD_1_saida;CD_2_entrada;8;0
CD_1_saida;CD_2_entrada;9;0
CD_1_saida;CD_3_entrada;0;0
CD_1_saida;CD_3_entrada;1;0
CD_1_saida;CD_3_entrada;2;0
CD_1_saida;CD_3_entrada;3;0
CD_1_saida;CD_3_entrada;4;0
CD_1_saida;CD_3_entrada;5;0
CD_1_saida;CD_3_entrada;6;0
CD_1_saida;CD_3_entrada;7;0
CD_1_saida;CD_3_entrada;8;0
CD_1_saida;CD_3_entrada;9;0
CD_1_saida;CD_4_entrada;0;0
CD_1_saida;CD_4_entrada;1;0
CD_1_saida;CD_4_entrada;2;0
CD_1_saida;CD_4_entrada;3;0
CD_1_saida;CD_4_entrada;4;0
CD_1_saida;CD_4_entrada;5;0
CD_1_saida;CD_4_entrada;6;0
CD_1_saida;CD_4_entrada;7;0
CD_1_saida;CD_4_entrada;8;0
CD_1_saida;CD_4_entrada;9;0
CD_2_saida;CD_0_entrada;0;0
CD_2_saida;CD_0_entrada;1;0
CD_2_saida;CD_0_entrada;2;0
CD_2_saida;CD_0_entrada;3;0
CD_2_saida;CD_0_entrada;4;0
CD_2_saida;CD_0_entrada;5;0
CD_2_saida;CD_0_entrada;6;0
CD_2_saida;CD_0_entrada;7;0
CD_2_saida;CD_0_entrada;8;0
CD_2_saida;CD_0_entrada;9;0
CD_2_saida;CD_1_entrada;0;0
CD_2_saida;CD_1_entrada;1;0
CD_2_saida;CD_1_entrada;2;0
CD_2_saida;CD_1_entrada;3;0
CD_2_saida;CD_1_entrada;4;0
CD_2_saida;CD_1_entrada;5;0
CD_2_saida;CD_1_entrada;6;0
CD_2_saida;CD_1_entrada;7;0
CD_2_saida;CD_1_entrada;8;0
CD_2_saida;CD_1_entrada;9;0
CD_2_saida;CD_3_entrada;0;0
CD_2_saida;CD_3_entrada;1;0
CD_2_saida;CD_3_entrada;2;0
CD_2_saida;CD_3_entrada;3;0
CD_2_saida;CD_3_entrada;4;0
CD_2_saida;CD_3_entrada;5;0
CD_2_saida;CD_3_entrada;6;0
CD_2_saida;CD_3_entrada;7;0
CD_2_saida;CD_3_entrada;8;0
CD_2_saida;CD_3_entrada;9;0
CD_2_saida;CD_4_entrada;0;0
CD_2_saida;CD_4_entrada;1;0
CD_2_saida;CD_4_entrada;2;0
CD_2_saida;CD_4_entrada;3;0
CD_2_saida;CD_4_entrada;4;0
CD_2_saida;CD_4_entrada;5;0
CD_2_saida;CD_4_entrada;6;0
CD_2_saida;CD_4_entrada;7;0
CD_2_saida;CD_4_entrada;8;0
CD_2_saida;CD_4_entrada;9;0
CD_3_saida;CD_0_entrada;0;0
CD_3_saida;CD_0_entrada;1;0
CD_3_saida;CD_0_entrada;2;0
CD_3_saida;CD_0_entrada;3;0
CD_3_saida;CD_0_entrada;4;0
CD_3_saida;CD_0_entrada;5;0
CD_3_saida;CD_0_entrada;6;0
CD_3_saida;CD_0_entrada;7;0
CD_3_saida;CD_0_entrada;8;0
CD_3_saida;CD_0_entrada;9;0
CD_3_saida;CD_1_entrada;0;0
CD_3_saida;CD_1_entrada;1;0
CD_3_saida;CD_1_entrada;2;0
CD_3_saida;CD_1_entrada;3;0
CD_3_saida;CD_1_entrada;4;0
CD_3_saida;CD_1_entrada;5;0
CD_3_saida;CD_1_entrada;6;0
CD_3_saida;CD_1_entrada;7;0
CD_3_saida;CD_1_entrada;8;0
CD_3_saida;CD_1_entrada;9;0
CD_3_saida;CD_2_entrada;0;0
CD_3_saida;CD_2_entrada;1;0
CD_3_saida;CD_2_entrada;2;0
CD_3_saida;CD_2_entrada;3;0
CD_3_saida;CD_2_entrada;4;0
CD_3_saida;CD_2_entrada;5;0
CD_3_saida;CD_2_entrada;6;0
CD_3_saida;CD_2_entrada;7;0
CD_3_saida;CD_2_entrada;8;0
CD_3_saida;CD_2_entrada;9;0
CD_3_saida;CD_4_entrada;0;0
CD_3_saida;CD_4_entrada;1;0
CD_3_saida;CD_4_entrada;2;0
CD_3_saida;CD_4_entrada;3;0
CD_3_saida;CD_4_entrada;4;0
CD_3_saida;CD_4_entrada;5;0
CD_3_saida;CD_4_entrada;6;0
CD_3_saida;CD_4_entrada;7;0
CD_3_saida;CD_4_entrada;8;0
CD_3_saida;CD_4_entrada;9;0
CD_4_saida;CD_0_entrada;0;0
CD_4_saida;CD_0_entrada;1;0
CD_4_saida;CD_0_entrada;2;0
CD_4_saida;CD_0_entrada;3;0
CD_4_saida;CD_0_entrada;4;0
CD_4_saida;CD_0_entrada;5;0
CD_4_saida;CD_0_entrada;6;0
CD_4_saida;CD_0_entrada;7;0
CD_4_saida;CD_0_entrada;8;0
CD_4_saida;CD_0_entrada;9;0
CD_4_saida;CD_1_entrada;0;0
CD_4_saida;CD_1_entrada;1;0
CD_4_saida;CD_1_entrada;2;0
CD_4_saida;CD_1_entrada;3;0
CD_4_saida;CD_1_entrada;4;0
CD_4_saida;CD_1_entrada;5;0
CD_4_saida;CD_1_entrada;6;0
CD_4_saida;CD_1_entrada;7;0
CD_4_saida;CD_1_entrada;8;0
CD_4_saida;CD_1_entrada;9;0
CD_4_saida;CD_2_entrada;0;0
CD_4_saida;CD_2_entrada;1;0
CD_4_saida;CD_2_entrada;2;0
CD_4_saida;CD_2_entrada;3;0
CD_4_saida;CD_2_entrada;4;0
CD_4_saida;CD_2_entrada;5;0
CD_4_saida;CD_2_entrada;6;0
CD_4_saida;CD_2_entrada;7;0
CD_4_saida;CD_2_entrada;8;0
CD_4_saida;CD_2_entrada;9;0
CD_4_saida;CD_3_entrada;0;0
CD_4_saida;CD_3_entrada;1;0
CD_4_saida;CD_3_entrada;2;0
CD_4_saida;CD_3_entrada;3;0
CD_4_saida;CD_3_entrada;4;0
CD_4_saida;CD_3_entrada;5;0
CD_4_saida;CD_3_entrada;6;0
CD_4_saida;CD_3_entrada;7;0
CD_4_saida;CD_3_entrada;8;0
CD_4_saida;CD_3_entrada;9;0
CD_0_saida;C_0_entrada;0;0
CD_0_saida;C_0_entrada;1;0
CD_0_saida;C_0_entrada;2;0
CD_0_saida;C_0_entrada;3;0
CD_0_saida;C_0_entrada;4;0
CD_0_saida;C_0_entrada;5;5
CD_0_saida;C_0_entrada;6;0
CD_0_saida;C_0_entrada;7;5
CD_0_saida;C_0_entrada;8;0
CD_0_saida;C_0_entrada;9;0
CD_0_saida;C_1_entrada;0;0
CD_0_saida;C_1_entrada;1;5
CD_0_saida;C_1_entrada;2;0
CD_0_saida;C_1_entrada;3;0
CD_0_saida;C_1_entrada;4;0
CD_0_saida;C_1_entrada;5;5
CD_0_saida;C_1_entrada;6;0
CD_0_saida;C_1_entrada;7;0
CD_0_saida;C_1_entrada;8;0
CD_0_saida;C_1_entrada;9;0
CD_0_saida;C_2_entrada;0;0
CD_0_saida;C_2_entrada;1;0
CD_0_saida;C_2_entrada;2;5
CD_0_saida;C_2_entrada;3;0
CD_0_saida;C_2_entrada;4;0
CD_0_saida;C_2_entrada;5;0
CD_0_saida;C_2_entrada;6;0
CD_0_saida;C_2_entrada;7;0
CD_0_saida;C_2_entrada;8;0
CD_0_saida;C_2_entrada;9;5
CD_0_saida;C_3_entrada;0;0
CD_0_saida;C_3_entrada;1;0
CD_0_saida;C_3_entrada;2;0
CD_0_saida;C_3_entrada;3;0
CD_0_saida;C_3_entrada;4;5
CD_0_saida;C_3_entrada;5;0
CD_0_saida;C_3_entrada;6;0
CD_0_saida;C_3_entrada;7;0
CD_0_saida;C_3_entrada;8;0
CD_0_saida;C_3_entrada;9;5
CD_0_saida;C_4_entrada;0;0
CD_0_saida;C_4_entrada;1;0
CD_0_saida;C_4_entrada;2;5
CD_0_saida;C_4_entrada;3;0
CD_0_saida;C_4_entrada;4;0
CD_0_saida;C_4_entrada;5;0
CD_0_saida;C_4_entrada;6;0
CD_0_saida;C_4_entrada;7;0
CD_0_saida;C_4_entrada;8;0
CD_0_saida;C_4_entrada;9;1.04839
CD_0_saida;C_5_entrada;0;0
CD_0_saida;C_5_entrada;1;0
CD_0_saida;C_5_entrada;2;0
CD_0_saida;C_5_entrada;3;0
CD_0_saida;C_5_entrada;4;0
CD_0_saida;C_5_entrada;5;5
CD_0_saida;C_5_entrada;6;5
CD_0_saida;C_5_entrada;7;5
CD_0_saida;C_5_entrada;8;0
CD_0_saida;C_5_entrada;9;0
CD_0_saida;C_6_entrada;0;0
CD_0_saida;C_6_entrada;1;0
CD_0_saida;C_6_entrada;2;0
CD_0_saida;C_6_entrada;3;0
CD_0_saida;C_6_entrada;4;0
CD_0_saida;C_6_entrada;5;5
CD_0_saida;C_6_entrada;6;0
CD_0_saida;C_6_entrada;7;0
CD_0_saida;C_6_entrada;8;0
CD_0_saida;C_6_entrada;9;0
CD_0_saida;C_7_entrada;0;5
CD_0_saida;C_7_entrada;1;0
CD_0_saida;C_7_entrada;2;0
CD_0_saida;C_7_entrada;3;0
CD_0_saida;C_7_entrada;4;0
CD_0_saida;C_7_entrada;5;0
CD_0_saida;C_7_entrada;6;0
CD_0_saida;C_7_entrada;7;0
CD_0_saida;C_7_entrada;8;0
CD_0_saida;C_7_entrada;9;5
CD_0_saida;C_8_entrada;0;0
CD_0_saida;C_8_entrada;1;0
CD_0_saida;C_8_entrada;2;0
CD_0_saida;C_8_entrada;3;0
CD_0_saida;C_8_entrada;4;5
CD_0_saida;C_8_entrada;5;0
CD_0_saida;C_8_entrada;6;0
CD_0_saida;C_8_entrada;7;0
CD_0_saida;C_8_entrada;8;0
CD_0_saida;C_8_entrada;9;0
CD_0_saida;C_9_entrada;0;5
CD_0_saida;C_9_entrada;1;0
CD_0_saida;C_9_entrada;2;0
CD_0_saida;C_9_entrada;3;0
CD_0_saida;C_9_entrada;4;5
CD_0_saida;C_9_entrada;5;0
CD_0_saida;C_9_entrada;6;0
CD_0_saida;C_9_entrada;7;5
CD_0_saida;C_9_entrada;8;0
CD_0_saida;C_9_entrada;9;5
CD_0_saida;C_10_entrada;0;0
CD_0_saida;C_10_entrada;1;0
CD_0_saida;C_10_entrada;2;0
CD_0_saida;C_10_entrada;3;0
CD_0_saida;C_10_entrada;4;5
CD_0_saida;C_10_entrada;5;0
CD_0_saida;C_10_entrada;6;0
CD_0_saida;C_10_entrada;7;5
CD_0_saida;C_10_entrada;8;0
CD_0_saida;C_10_entrada;9;1.66667
CD_0_saida;C_11_entrada;0;0
CD_0_saida;C_11_entrada;1;0
CD_0_saida;C_11_entrada;2;0
CD_0_saida;C_11_entrada;3;0
CD_0_saida;C_11_entrada;4;0
CD_0_saida;C_11_entrada;5;0
CD_0_saida;C_11_entrada;6;0
CD_0_saida;C_11_entrada;7;0
CD_0_saida;C_11_entrada;8;0
CD_0_saida;C_11_entrada;9;0
CD_0_saida;C_12_entrada;0;0
CD_0_saida;C_12_entrada;1;0
CD_0_saida;C_12_entrada;2;5
CD_0_saida;C_12_entrada;3;0
CD_0_saida;C_12_entrada;4;0
CD_0_saida;C_12_entrada;5;5
CD_0_saida;C_12_entrada;6;0
CD_0_saida;C_12_entrada;7;0
CD_0_saida;C_12_entrada;8;0
CD_0_saida;C_12_entrada;9;0.377885
CD_0_saida;C_13_entrada;0;0
CD_0_saida;C_13_entrada;1;0
CD_0_saida;C_13_entrada;2;5
CD_0_saida;C_13_entrada;3;0
CD_0_saida;C_13_entrada;4;0
CD_0_saida;C_13_entrada;5;0
CD_0_saida;C_13_entrada;6;0
CD_0_saida;C_13_entrada;7;0
CD_0_saida;C_13_entrada;8;0
CD_0_saida;C_13_entrada;9;0
CD_0_saida;C_14_entrada;0;0
CD_0_saida;C_14_entrada;1;0
CD_0_saida;C_14_entrada;2;0
CD_0_saida;C_14_entrada;3;0
CD_0_saida;C_14_entrada;4;0
CD_0_saida;C_14_entrada;5;0
CD_0_saida;C_14_entrada;6;5
CD_0_saida;C_14_entrada;7;4.25
CD_0_saida;C_14_entrada;8;0
CD_0_saida;C_14_entrada;9;0
CD_0_saida;C_15_entrada;0;0
CD_0_saida;C_15_entrada;1;0
CD_0_saida;C_15_entrada;2;5
CD_0_saida;C_15_entrada;3;5
CD_0_saida;C_15_entrada;4;5
CD_0_saida;C_15_entrada;5;0
CD_0_saida;C_15_entrada;6;0
CD_0_saida;C_15_entrada;7;0
CD_0_saida;C_15_entrada;8;0
CD_0_saida;C_15_entrada;9;5
CD_0_saida;C_16_entrada;0;0
CD_0_saida;C_16_entrada;1;0
CD_0_saida;C_16_entrada;2;5
CD_0_saida;C_16_entrada;3;0
CD_0_saida;C_16_entrada;4;5
CD_0_saida;C_16_entrada;5;0
CD_0_saida;C_16_entrada;6;0
CD_0_saida;C_16_entrada;7;5
CD_0_saida;C_16_entrada;8;5
CD_0_saida;C_16_entrada;9;0
CD_0_saida;C_17_entrada;0;0
CD_0_saida;C_17_entrada;1;0
CD_0_saida;C_17_entrada;2;0
CD_0_saida;C_17_entrada;3;0
CD_0_saida;C_17_entrada;4;0
CD_0_saida;C_17_entrada;5;0
CD_0_saida;C_17_entrada;6;0
CD_0_saida;C_17_entrada;7;0
CD_0_saida;C_17_entrada;8;0
CD_0_saida;C_17_entrada;9;0
CD_0_saida;C_18_entrada;0;5
CD_0_saida;C_18_entrada;1;0.407815
CD_0_saida;C_18_entrada;2;0
CD_0_saida;C_18_entrada;3;0
CD_0_saida;C_18_entrada;4;5
CD_0_saida;C_18_entrada;5;0
CD_0_saida;C_18_entrada;6;5
CD_0_saida;C_18_entrada;7;0
CD_0_saida;C_18_entrada;8;0
CD_0_saida;C_18_entrada;9;0
CD_0_saida;C_19_entrada;0;5
CD_0_saida;C_19_entrada;1;0
CD_0_saida;C_19_entrada;2;5
CD_0_saida;C_19_entrada;3;0
CD_0_saida;C_19_entrada;4;0
CD_0_saida;C_19_entrada;5;0
CD_0_saida;C_19_entrada;6;0
CD_0_saida;C_19_entrada;7;0
CD_0_saida;C_19_entrada;8;0
CD_0_saida;C_19_entrada;9;0
CD_1_saida;C_0_entrada;0;0
CD_1_saida;C_0_entrada;1;0
CD_1_saida;C_0_entrada;2;5
CD_1_saida;C_0_entrada;3;0
CD_1_saida;C_0_entrada;4;5
CD_1_saida;C_0_entrada;5;0
CD_1_saida;C_0_entrada;6;5
CD_1_saida;C_0_entrada;7;0
CD_1_saida;C_0_entrada;8;5
CD_1_saida;C_0_entrada;9;0
CD_1_saida;C_1_entrada;0;0
CD_1_saida;C_1_entrada;1;0
CD_1_saida;C_1_entrada;2;0
CD_1_saida;C_1_entrada;3;5
CD_1_saida;C_1_entrada;4;5
CD_1_saida;C_1_entrada;5;0
CD_1_saida;C_1_entrada;6;0
CD_1_saida;C_1_entrada;7;0
CD_1_saida;C_1_entrada;8;0
CD_1_saida;C_1_entrada;9;5
CD_1_saida;C_2_entrada;0;5
CD_1_saida;C_2_entrada;1;0
CD_1_saida;C_2_entrada;2;0
CD_1_saida;C_2_entrada;3;0
CD_1_saida;C_2_entrada;4;0
CD_1_saida;C_2_entrada;5;0
CD_1_saida;C_2_entrada;6;0
CD_1_saida;C_2_entrada;7;0
CD_1_saida;C_2_entrada;8;0
CD_1_saida;C_2_entrada;9;0
CD_1_saida;C_3_entrada;0;0
CD_1_saida;C_3_entrada;1;0
CD_1_saida;C_3_entrada;2;0
CD_1_saida;C_3_entrada;3;0
CD_1_saida;C_3_entrada;4;0
CD_1_saida;C_3_entrada;5;0
CD_1_saida;C_3_entrada;6;0
CD_1_saida;C_3_entrada;7;5
CD_1_saida;C_3_entrada;8;0
CD_1_saida;C_3_entrada;9;0
CD_1_saida;C_4_entrada;0;5
CD_1_saida;C_4_entrada;1;0
CD_1_saida;C_4_entrada;2;0
CD_1_saida;C_4_entrada;3;0
CD_1_saida;C_4_entrada;4;5
CD_1_saida;C_4_entrada;5;0
CD_1_saida;C_4_entrada;6;0
CD_1_saida;C_4_entrada;7;0
CD_1_saida;C_4_entrada;8;5
CD_1_saida;C_4_entrada;9;0
CD_1_saida;C_5_entrada;0;0
CD_1_saida;C_5_entrada;1;0
CD_1_saida;C_5_entrada;2;0
CD_1_saida;C_5_entrada;3;0
CD_1_saida;C_5_entrada;4;0
CD_1_saida;C_5_entrada;5;0
CD_1_saida;C_5_entrada;6;0
CD_1_saida;C_5_entrada;7;0
CD_1_saida;C_5_entrada;8;0
CD_1_saida;C_5_entrada;9;0
CD_1_saida;C_6_entrada;0;0
CD_1_saida;C_6_entrada;1;0
CD_1_saida;C_6_entrada;2;0
CD_1_saida;C_6_entrada;3;0
CD_1_saida;C_6_entrada;4;5
CD_1_saida;C_6_entrada;5;0
CD_1_saida;C_6_entrada;6;5
CD_1_saida;C_6_entrada;7;0
CD_1_saida;C_6_entrada;8;0
CD_1_saida;C_6_entrada;9;0
CD_1_saida;C_7_entrada;0;0
CD_1_saida;C_7_entrada;1;0
CD_1_saida;C_7_entrada;2;5
CD_1_saida;C_7_entrada;3;0
CD_1_saida;C_7_entrada;4;0
CD_1_saida;C_7_entrada;5;5
CD_1_saida;C_7_entrada;6;0
CD_1_saida;C_7_entrada;7;0
CD_1_saida;C_7_entrada;8;0
CD_1_saida;C_7_entrada;9;0
CD_1_saida;C_8_entrada;0;0
CD_1_saida;C_8_entrada;1;0
CD_1_saida;C_8_entrada;2;5
CD_1_saida;C_8_entrada;3;5
CD_1_saida;C_8_entrada;4;0
CD_1_saida;C_8_entrada;5;0
CD_1_saida;C_8_entrada;6;0
CD_1_saida;C_8_entrada;7;0
CD_1_saida;C_8_entrada;8;0
CD_1_saida;C_8_entrada;9;0
CD_1_saida;C_9_entrada;0;0
CD_1_saida;C_9_entrada;1;0
CD_1_saida;C_9_entrada;2;5
CD_1_saida;C_9_entrada;3;5
CD_1_saida;C_9_entrada;4;0
CD_1_saida;C_9_entrada;5;0
CD_1_saida;C_9_entrada;6;0
CD_1_saida;C_9_entrada;7;0
CD_1_saida;C_9_entrada;8;0
CD_1_saida;C_9_entrada;9;0
CD_1_saida;C_10_entrada;0;0
CD_1_saida;C_10_entrada;1;0
CD_1_saida;C_10_entrada;2;5
CD_1_saida;C_10_entrada;3;0
CD_1_saida;C_10_entrada;4;0
CD_1_saida;C_10_entrada;5;0
CD_1_saida;C_10_entrada;6;0
CD_1_saida;C_10_entrada;7;0
CD_1_saida;C_10_entrada;8;0
CD_1_saida;C_10_entrada;9;0
CD_1_saida;C_11_entrada;0;5
CD_1_saida;C_11_entrada;1;5
CD_1_saida;C_11_entrada;2;0
CD_1_saida;C_11_entrada;3;5
CD_1_saida;C_11_entrada;4;0
CD_1_saida;C_11_entrada;5;0
CD_1_saida;C_11_entrada;6;0
CD_1_saida;C_11_entrada;7;0
CD_1_saida;C_11_entrada;8;0
CD_1_saida;C_11_entrada;9;0
CD_1_saida;C_12_entrada;0;0
CD_1_saida;C_12_entrada;1;5
CD_1_saida;C_12_entrada;2;0
CD_1_saida;C_12_entrada;3;5
CD_1_saida;C_12_entrada;4;0
CD_1_saida;C_12_entrada;5;0
CD_1_saida;C_12_entrada;6;0
CD_1_saida;C_12_entrada;7;0
CD_1_saida;C_12_entrada;8;0
CD_1_saida;C_12_entrada;9;0
CD_1_saida;C_13_entrada;0;0
CD_1_saida;C_13_entrada;1;0
CD_1_saida;C_13_entrada;2;0
CD_1_saida;C_13_entrada;3;5
CD_1_saida;C_13_entrada;4;5
CD_1_saida;C_13_entrada;5;0
CD_1_saida;C_13_entrada;6;0
CD_1_saida;C_13_entrada;7;0.75
CD_1_saida;C_13_entrada;8;0
CD_1_saida;C_13_entrada;9;0
CD_1_saida;C_14_entrada;0;0
CD_1_saida;C_14_entrada;1;0
CD_1_saida;C_14_entrada;2;5
CD_1_saida;C_14_entrada;3;0
CD_1_saida;C_14_entrada;4;5
CD_1_saida;C_14_entrada;5;5
CD_1_saida;C_14_entrada;6;0
CD_1_saida;C_14_entrada;7;0
CD_1_saida;C_14_entrada;8;0
CD_1_saida;C_14_entrada;9;0
CD_1_saida;C_15_entrada;0;0
CD_1_saida;C_15_entrada;1;0
CD_1_saida;C_15_entrada;2;0
CD_1_saida;C_15_entrada;3;0
CD_1_saida;C_15_entrada;4;0
CD_1_saida;C_15_entrada;5;0
CD_1_saida;C_15_entrada;6;0
CD_1_saida;C_15_entrada;7;0
CD_1_saida;C_15_entrada;8;0
CD_1_saida;C_15_entrada;9;0
CD_1_saida;C_16_entrada;0;5
CD_1_saida;C_16_entrada;1;0
CD_1_saida;C_16_entrada;2;0
CD_1_saida;C_16_entrada;3;3.55861
CD_1_saida;C_16_entrada;4;0
CD_1_saida;C_16_entrada;5;5
CD_1_saida;C_16_entrada;6;0
CD_1_saida;C_16_entrada;7;0
CD_1_saida;C_16_entrada;8;0
CD_1_saida;C_16_entrada;9;0
CD_1_saida;C_17_entrada;0;0
CD_1_saida;C_17_entrada;1;0
CD_1_saida;C_17_entrada;2;0
CD_1_saida;C_17_entrada;3;0
CD_1_saida;C_17_entrada;4;0
CD_1_saida;C_17_entrada;5;0
CD_1_saida;C_17_entrada;6;5
CD_1_saida;C_17_entrada;7;0
CD_1_saida;C_17_entrada;8;5
CD_1_saida;C_17_entrada;9;0
CD_1_saida;C_18_entrada;0;0
CD_1_saida;C_18_entrada;1;1.64509
CD_1_saida;C_18_entrada;2;5
CD_1_saida;C_18_entrada;3;0
CD_1_saida;C_18_entrada;4;0
CD_1_saida;C_18_entrada;5;5
CD_1_saida;C_18_entrada;6;0
CD_1_saida;C_18_entrada;7;0
CD_1_saida;C_18_entrada;8;0
CD_1_saida;C_18_entrada;9;0
CD_1_saida;C_19_entrada;0;0
CD_1_saida;C_19_entrada;1;2.94709
CD_1_saida;C_19_entrada;2;0
CD_1_saida;C_19_entrada;3;2.24625
CD_1_saida;C_19_entrada;4;5
CD_1_saida;C_19_entrada;5;5
CD_1_saida;C_19_entrada;6;5
CD_1_saida;C_19_entrada;7;5
CD_1_saida;C_19_entrada;8;5
CD_1_saida;C_19_entrada;9;0
CD_2_saida;C_0_entrada;0;0
CD_2_saida;C_0_entrada;1;5
CD_2_saida;C_0_entrada;2;0
CD_2_saida;C_0_entrada;3;0
CD_2_saida;C_0_entrada;4;0
CD_2_saida;C_0_entrada;5;0
CD_2_saida;C_0_entrada;6;0
CD_2_saida;C_0_entrada;7;0
CD_2_saida;C_0_entrada;8;0
CD_2_saida;C_0_entrada;9;0
CD_2_saida;C_1_entrada;0;0
CD_2_saida;C_1_entrada;1;0
CD_2_saida;C_1_entrada;2;0
CD_2_saida;C_1_entrada;3;0
CD_2_saida;C_1_entrada;4;0
CD_2_saida;C_1_entrada;5;0
CD_2_saida;C_1_entrada;6;0
CD_2_saida;C_1_entrada;7;5
CD_2_saida;C_1_entrada;8;0
CD_2_saida;C_1_entrada;9;0
CD_2_saida;C_2_entrada;0;0
CD_2_saida;C_2_entrada;1;2.94709
CD_2_saida;C_2_entrada;2;0
CD_2_saida;C_2_entrada;3;0
CD_2_saida;C_2_entrada;4;0
CD_2_saida;C_2_entrada;5;5
CD_2_saida;C_2_entrada;6;0
CD_2_saida;C_2_entrada;7;0
CD_2_saida;C_2_entrada;8;5
CD_2_saida;C_2_entrada;9;0
CD_2_saida;C_3_entrada;0;0
CD_2_saida;C_3_entrada;1;0
CD_2_saida;C_3_entrada;2;0
CD_2_saida;C_3_entrada;3;0
CD_2_saida;C_3_entrada;4;0
CD_2_saida;C_3_entrada;5;5
CD_2_saida;C_3_entrada;6;0
CD_2_saida;C_3_entrada;7;0
CD_2_saida;C_3_entrada;8;5
CD_2_saida;C_3_entrada;9;0
CD_2_saida;C_4_entrada;0;0
CD_2_saida;C_4_entrada;1;0
CD_2_saida;C_4_entrada;2;0
CD_2_saida;C_4_entrada;3;5
CD_2_saida;C_4_entrada;4;0
CD_2_saida;C_4_entrada;5;0
CD_2_saida;C_4_entrada;6;0
CD_2_saida;C_4_entrada;7;0
CD_2_saida;C_4_entrada;8;0
CD_2_saida;C_4_entrada;9;0
CD_2_saida;C_5_entrada;0;5
CD_2_saida;C_5_entrada;1;0
CD_2_saida;C_5_entrada;2;0
CD_2_saida;C_5_entrada;3;0
CD_2_saida;C_5_entrada;4;0
CD_2_saida;C_5_entrada;5;0
CD_2_saida;C_5_entrada;6;0
CD_2_saida;C_5_entrada;7;0
CD_2_saida;C_5_entrada;8;1.88525
CD_2_saida;C_5_entrada;9;0
CD_2_saida;C_6_entrada;0;0
CD_2_saida;C_6_entrada;1;0
CD_2_saida;C_6_entrada;2;0
CD_2_saida;C_6_entrada;3;0
CD_2_saida;C_6_entrada;4;0
CD_2_saida;C_6_entrada;5;0
CD_2_saida;C_6_entrada;6;0
CD_2_saida;C_6_entrada;7;0
CD_2_saida;C_6_entrada;8;5
CD_2_saida;C_6_entrada;9;0
CD_2_saida;C_7_entrada;0;0
CD_2_saida;C_7_entrada;1;0
CD_2_saida;C_7_entrada;2;0
CD_2_saida;C_7_entrada;3;5
CD_2_saida;C_7_entrada;4;0
CD_2_saida;C_7_entrada;5;0
CD_2_saida;C_7_entrada;6;5
CD_2_saida;C_7_entrada;7;5
CD_2_saida;C_7_entrada;8;5
CD_2_saida;C_7_entrada;9;0
CD_2_saida;C_8_entrada;0;0
CD_2_saida;C_8_entrada;1;0
CD_2_saida;C_8_entrada;2;0
CD_2_saida;C_8_entrada;3;0
CD_2_saida;C_8_entrada;4;0
CD_2_saida;C_8_entrada;5;0
CD_2_saida;C_8_entrada;6;0
CD_2_saida;C_8_entrada;7;5
CD_2_saida;C_8_entrada;8;3.11475
CD_2_saida;C_8_entrada;9;5
CD_2_saida;C_9_entrada;0;0
CD_2_saida;C_9_entrada;1;5
CD_2_saida;C_9_entrada;2;0
CD_2_saida;C_9_entrada;3;0
CD_2_saida;C_9_entrada;4;0
CD_2_saida;C_9_entrada;5;5
CD_2_saida;C_9_entrada;6;5
CD_2_saida;C_9_entrada;7;0
CD_2_saida;C_9_entrada;8;0
CD_2_saida;C_9_entrada;9;0
CD_2_saida;C_10_entrada;0;0
CD_2_saida;C_10_entrada;1;0
CD_2_saida;C_10_entrada;2;0
CD_2_saida;C_10_entrada;3;5
CD_2_saida;C_10_entrada;4;0
CD_2_saida;C_10_entrada;5;5
CD_2_saida;C_10_entrada;6;5
CD_2_saida;C_10_entrada;7;0
CD_2_saida;C_10_entrada;8;0
CD_2_saida;C_10_entrada;9;3.33333
CD_2_saida;C_11_entrada;0;0
CD_2_saida;C_11_entrada;1;0
CD_2_saida;C_11_entrada;2;0
CD_2_saida;C_11_entrada;3;0
CD_2_saida;C_11_entrada;4;0
CD_2_saida;C_11_entrada;5;5
CD_2_saida;C_11_entrada;6;0
CD_2_saida;C_11_entrada;7;0
CD_2_saida;C_11_entrada;8;0
CD_2_saida;C_11_entrada;9;0
CD_2_saida;C_12_entrada;0;5
CD_2_saida;C_12_entrada;1;0
CD_2_saida;C_12_entrada;2;0
CD_2_saida;C_12_entrada;3;0
CD_2_saida;C_12_entrada;4;5
CD_2_saida;C_12_entrada;5;0
CD_2_saida;C_12_entrada;6;5
CD_2_saida;C_12_entrada;7;0
CD_2_saida;C_12_entrada;8;5
CD_2_saida;C_12_entrada;9;0
CD_2_saida;C_13_entrada;0;5
CD_2_saida;C_13_entrada;1;0
CD_2_saida;C_13_entrada;2;0
CD_2_saida;C_13_entrada;3;0
CD_2_saida;C_13_entrada;4;0
CD_2_saida;C_13_entrada;5;0
CD_2_saida;C_13_entrada;6;5
CD_2_saida;C_13_entrada;7;4.25
CD_2_saida;C_13_entrada;8;0
CD_2_saida;C_13_entrada;9;5
CD_2_saida;C_14_entrada;0;5
CD_2_saida;C_14_entrada;1;5
CD_2_saida;C_14_entrada;2;0
CD_2_saida;C_14_entrada;3;5
CD_2_saida;C_14_entrada;4;0
CD_2_saida;C_14_entrada;5;0
CD_2_saida;C_14_entrada;6;0
CD_2_saida;C_14_entrada;7;0.75
CD_2_saida;C_14_entrada;8;0
CD_2_saida;C_14_entrada;9;5
CD_2_saida;C_15_entrada;0;0
CD_2_saida;C_15_entrada;1;0
CD_2_saida;C_15_entrada;2;0
CD_2_saida;C_15_entrada;3;0
CD_2_saida;C_15_entrada;4;0
CD_2_saida;C_15_entrada;5;5
CD_2_saida;C_15_entrada;6;0
CD_2_saida;C_15_entrada;7;0
CD_2_saida;C_15_entrada;8;5
CD_2_saida;C_15_entrada;9;0
CD_2_saida;C_16_entrada;0;0
CD_2_saida;C_16_entrada;1;0
CD_2_saida;C_16_entrada;2;0
CD_2_saida;C_16_entrada;3;0
CD_2_saida;C_16_entrada;4;0
CD_2_saida;C_16_entrada;5;0
CD_2_saida;C_16_entrada;6;5
CD_2_saida;C_16_entrada;7;0
CD_2_saida;C_16_entrada;8;0
CD_2_saida;C_16_entrada;9;0
CD_2_saida;C_17_entrada;0;0
CD_2_saida;C_17_entrada;1;0
CD_2_saida;C_17_entrada;2;5
CD_2_saida;C_17_entrada;3;5
CD_2_saida;C_17_entrada;4;0
CD_2_saida;C_17_entrada;5;5
CD_2_saida;C_17_entrada;6;0
CD_2_saida;C_17_entrada;7;0
CD_2_saida;C_17_entrada;8;0
CD_2_saida;C_17_entrada;9;0
CD_2_saida;C_18_entrada;0;0
CD_2_saida;C_18_entrada;1;0
CD_2_saida;C_18_entrada;2;0
CD_2_saida;C_18_entrada;3;5
CD_2_saida;C_18_entrada;4;0
CD_2_saida;C_18_entrada;5;0
CD_2_saida;C_18_entrada;6;0
CD_2_saida;C_18_entrada;7;0
CD_2_saida;C_18_entrada;8;0
CD_2_saida;C_18_entrada;9;0
CD_2_saida;C_19_entrada;0;0
CD_2_saida;C_19_entrada;1;2.05291
CD_2_saida;C_19_entrada;2;0
CD_2_saida;C_19_entrada;3;0
CD_2_saida;C_19_entrada;4;0
CD_2_saida;C_19_entrada;5;0
CD_2_saida;C_19_entrada;6;0
CD_2_saida;C_19_entrada;7;0
CD_2_saida;C_19_entrada;8;0
CD_2_saida;C_19_entrada;9;5
CD_3_saida;C_0_entrada;0;5
CD_3_saida;C_0_entrada;1;0
CD_3_saida;C_0_entrada;2;0
CD_3_saida;C_0_entrada;3;0
CD_3_saida;C_0_entrada;4;0
CD_3_saida;C_0_entrada;5;0
CD_3_saida;C_0_entrada;6;0
CD_3_saida;C_0_entrada;7;0
CD_3_saida;C_0_entrada;8;0
CD_3_saida;C_0_entrada;9;5
CD_3_saida;C_1_entrada;0;5
CD_3_saida;C_1_entrada;1;0
CD_3_saida;C_1_entrada;2;0
CD_3_saida;C_1_entrada;3;0
CD_3_saida;C_1_entrada;4;0
CD_3_saida;C_1_entrada;5;0
CD_3_saida;C_1_entrada;6;0
CD_3_saida;C_1_entrada;7;0
CD_3_saida;C_1_entrada;8;5
CD_3_saida;C_1_entrada;9;0
CD_3_saida;C_2_entrada;0;0
CD_3_saida;C_2_entrada;1;2.05291
CD_3_saida;C_2_entrada;2;0
CD_3_saida;C_2_entrada;3;0
CD_3_saida;C_2_entrada;4;0
CD_3_saida;C_2_entrada;5;0
CD_3_saida;C_2_entrada;6;5
CD_3_saida;C_2_entrada;7;0
CD_3_saida;C_2_entrada;8;0
CD_3_saida;C_2_entrada;9;0
CD_3_saida;C_3_entrada;0;0
CD_3_saida;C_3_entrada;1;5
CD_3_saida;C_3_entrada;2;5
CD_3_saida;C_3_entrada;3;0
CD_3_saida;C_3_entrada;4;0
CD_3_saida;C_3_entrada;5;0
CD_3_saida;C_3_entrada;6;0
CD_3_saida;C_3_entrada;7;0
CD_3_saida;C_3_entrada;8;0
CD_3_saida;C_3_entrada;9;0
CD_3_saida;C_4_entrada;0;0
CD_3_saida;C_4_entrada;1;0
CD_3_saida;C_4_entrada;2;0
CD_3_saida;C_4_entrada;3;0
CD_3_saida;C_4_entrada;4;0
CD_3_saida;C_4_entrada;5;5
CD_3_saida;C_4_entrada;6;5
CD_3_saida;C_4_entrada;7;0
CD_3_saida;C_4_entrada;8;0
CD_3_saida;C_4_entrada;9;0
CD_3_saida;C_5_entrada;0;0
CD_3_saida;C_5_entrada;1;0
CD_3_saida;C_5_entrada;2;5
CD_3_saida;C_5_entrada;3;0
CD_3_saida;C_5_entrada;4;0
CD_3_saida;C_5_entrada;5;0
CD_3_saida;C_5_entrada;6;0
CD_3_saida;C_5_entrada;7;0
CD_3_saida;C_5_entrada;8;0
CD_3_saida;C_5_entrada;9;0
CD_3_saida;C_6_entrada;0;0
CD_3_saida;C_6_entrada;1;5
CD_3_saida;C_6_entrada;2;0
CD_3_saida;C_6_entrada;3;5
CD_3_saida;C_6_entrada;4;0
CD_3_saida;C_6_entrada;5;0
CD_3_saida;C_6_entrada;6;0
CD_3_saida;C_6_entrada;7;5
CD_3_saida;C_6_entrada;8;0
CD_3_saida;C_6_entrada;9;0
CD_3_saida;C_7_entrada;0;0
CD_3_saida;C_7_entrada;1;5
CD_3_saida;C_7_entrada;2;0
CD_3_saida;C_7_entrada;3;0
CD_3_saida;C_7_entrada;4;0
CD_3_saida;C_7_entrada;5;0
CD_3_saida;C_7_entrada;6;0
CD_3_saida;C_7_entrada;7;0
CD_3_saida;C_7_entrada;8;0
CD_3_saida;C_7_entrada;9;0
CD_3_saida;C_8_entrada;0;5
CD_3_saida;C_8_entrada;1;0
CD_3_saida;C_8_entrada;2;0
CD_3_saida;C_8_entrada;3;0
CD_3_saida;C_8_entrada;4;0
CD_3_saida;C_8_entrada;5;5
CD_3_saida;C_8_entrada;6;5
CD_3_saida;C_8_entrada;7;0
CD_3_saida;C_8_entrada;8;0
CD_3_saida;C_8_entrada;9;0
CD_3_saida;C_9_entrada;0;0
CD_3_saida;C_9_entrada;1;0
CD_3_saida;C_9_entrada;2;0
CD_3_saida;C_9_entrada;3;0
CD_3_saida;C_9_entrada;4;0
CD_3_saida;C_9_entrada;5;0
CD_3_saida;C_9_entrada;6;0
CD_3_saida;C_9_entrada;7;0
CD_3_saida;C_9_entrada;8;5
CD_3_saida;C_9_entrada;9;0
CD_3_saida;C_10_entrada;0;0
CD_3_saida;C_10_entrada;1;5
CD_3_saida;C_10_entrada;2;0
CD_3_saida;C_10_entrada;3;0
CD_3_saida;C_10_entrada;4;0
CD_3_saida;C_10_entrada;5;0
CD_3_saida;C_10_entrada;6;0
CD_3_saida;C_10_entrada;7;0
CD_3_saida;C_10_entrada;8;5
CD_3_saida;C_10_entrada;9;0
CD_3_saida;C_11_entrada;0;0
CD_3_saida;C_11_entrada;1;0
CD_3_saida;C_11_entrada;2;5
CD_3_saida;C_11_entrada;3;0
CD_3_saida;C_11_entrada;4;0
CD_3_saida;C_11_entrada;5;0
CD_3_saida;C_11_entrada;6;0
CD_3_saida;C_11_entrada;7;0
CD_3_saida;C_11_entrada;8;5
CD_3_saida;C_11_entrada;9;5
CD_3_saida;C_12_entrada;0;0
CD_3_saida;C_12_entrada;1;0
CD_3_saida;C_12_entrada;2;0
CD_3_saida;C_12_entrada;3;0
CD_3_saida;C_12_entrada;4;0
CD_3_saida;C_12_entrada;5;0
CD_3_saida;C_12_entrada;6;0
CD_3_saida;C_12_entrada;7;0
CD_3_saida;C_12_entrada;8;0
CD_3_saida;C_12_entrada;9;0
CD_3_saida;C_13_entrada;0;0
CD_3_saida;C_13_entrada;1;5
CD_3_saida;C_13_entrada;2;0
CD_3_saida;C_13_entrada;3;0
CD_3_saida;C_13_entrada;4;0
CD_3_saida;C_13_entrada;5;0
CD_3_saida;C_13_entrada;6;0
CD_3_saida;C_13_entrada;7;0
CD_3_saida;C_13_entrada;8;5
CD_3_saida;C_13_entrada;9;0
CD_3_saida;C_14_entrada;0;0
CD_3_saida;C_14_entrada;1;0
CD_3_saida;C_14_entrada;2;0
CD_3_saida;C_14_entrada;3;0
CD_3_saida;C_14_entrada;4;0
CD_3_saida;C_14_entrada;5;0
CD_3_saida;C_14_entrada;6;0
CD_3_saida;C_14_entrada;7;0
CD_3_saida;C_14_entrada;8;5
CD_3_saida;C_14_entrada;9;0
CD_3_saida;C_15_entrada;0;5
CD_3_saida;C_15_entrada;1;0
CD_3_saida;C_15_entrada;2;0
CD_3_saida;C_15_entrada;3;0
CD_3_saida;C_15_entrada;4;0
CD_3_saida;C_15_entrada;5;0
CD_3_saida;C_15_entrada;6;5
CD_3_saida;C_15_entrada;7;0
CD_3_saida;C_15_entrada;8;0
CD_3_saida;C_15_entrada;9;0
CD_3_saida;C_16_entrada;0;0
CD_3_saida;C_16_entrada;1;5
CD_3_saida;C_16_entrada;2;0
CD_3_saida;C_16_entrada;3;0
CD_3_saida;C_16_entrada;4;0
CD_3_saida;C_16_entrada;5;0
CD_3_saida;C_16_entrada;6;0
CD_3_saida;C_16_entrada;7;0
CD_3_saida;C_16_entrada;8;0
CD_3_saida;C_16_entrada;9;0
CD_3_saida;C_17_entrada;0;0
CD_3_saida;C_17_entrada;1;0
CD_3_saida;C_17_entrada;2;0
CD_3_saida;C_17_entrada;3;0
CD_3_saida;C_17_entrada;4;5
CD_3_saida;C_17_entrada;5;0
CD_3_saida;C_17_entrada;6;0
CD_3_saida;C_17_entrada;7;0
CD_3_saida;C_17_entrada;8;0
CD_3_saida;C_17_entrada;9;5
CD_3_saida;C_18_entrada;0;0
CD_3_saida;C_18_entrada;1;2.94709
CD_3_saida;C_18_entrada;2;0
CD_3_saida;C_18_entrada;3;0
CD_3_saida;C_18_entrada;4;0
CD_3_saida;C_18_entrada;5;0
CD_3_saida;C_18_entrada;6;0
CD_3_saida;C_18_entrada;7;0
CD_3_saida;C_18_entrada;8;5
CD_3_saida;C_18_entrada;9;5
CD_3_saida;C_19_entrada;0;0
CD_3_saida;C_19_entrada;1;0
CD_3_saida;C_19_entrada;2;0
CD_3_saida;C_19_entrada;3;0
CD_3_saida;C_19_entrada;4;0
CD_3_saida;C_19_entrada;5;0
CD_3_saida;C_19_entrada;6;0
CD_3_saida;C_19_entrada;7;0
CD_3_saida;C_19_entrada;8;0
CD_3_saida;C_19_entrada;9;0
CD_4_saida;C_0_entrada;0;0
CD_4_saida;C_0_entrada;1;0
CD_4_saida;C_0_entrada;2;0
CD_4_saida;C_0_entrada;3;5
CD_4_saida;C_0_entrada;4;0
CD_4_saida;C_0_entrada;5;0
CD_4_saida;C_0_entrada;6;0
CD_4_saida;C_0_entrada;7;0
CD_4_saida;C_0_entrada;8;0
CD_4_saida;C_0_entrada;9;0
CD_4_saida;C_1_entrada;0;0
CD_4_saida;C_1_entrada;1;0
CD_4_saida;C_1_entrada;2;5
CD_4_saida;C_1_entrada;3;0
CD_4_saida;C_1_entrada;4;0
CD_4_saida;C_1_entrada;5;0
CD_4_saida;C_1_entrada;6;5
CD_4_saida;C_1_entrada;7;0
CD_4_saida;C_1_entrada;8;0
CD_4_saida;C_1_entrada;9;0
CD_4_saida;C_2_entrada;0;0
CD_4_saida;C_2_entrada;1;0
CD_4_saida;C_2_entrada;2;0
CD_4_saida;C_2_entrada;3;5
CD_4_saida;C_2_entrada;4;5
CD_4_saida;C_2_entrada;5;0
CD_4_saida;C_2_entrada;6;0
CD_4_saida;C_2_entrada;7;5
CD_4_saida;C_2_entrada;8;0
CD_4_saida;C_2_entrada;9;0
CD_4_saida;C_3_entrada;0;5
CD_4_saida;C_3_entrada;1;0
CD_4_saida;C_3_entrada;2;0
CD_4_saida;C_3_entrada;3;5
CD_4_saida;C_3_entrada;4;0
CD_4_saida;C_3_entrada;5;0
CD_4_saida;C_3_entrada;6;5
CD_4_saida;C_3_entrada;7;0
CD_4_saida;C_3_entrada;8;0
CD_4_saida;C_3_entrada;9;0
CD_4_saida;C_4_entrada;0;0
CD_4_saida;C_4_entrada;1;5
CD_4_saida;C_4_entrada;2;0
CD_4_saida;C_4_entrada;3;0
CD_4_saida;C_4_entrada;4;0
CD_4_saida;C_4_entrada;5;0
CD_4_saida;C_4_entrada;6;0
CD_4_saida;C_4_entrada;7;5
CD_4_saida;C_4_entrada;8;0
CD_4_saida;C_4_entrada;9;3.95161
CD_4_saida;C_5_entrada;0;0
CD_4_saida;C_5_entrada;1;5
CD_4_saida;C_5_entrada;2;0
CD_4_saida;C_5_entrada;3;5
CD_4_saida;C_5_entrada;4;5
CD_4_saida;C_5_entrada;5;0
CD_4_saida;C_5_entrada;6;0
CD_4_saida;C_5_entrada;7;0
CD_4_saida;C_5_entrada;8;3.11475
CD_4_saida;C_5_entrada;9;5
CD_4_saida;C_6_entrada;0;5
CD_4_saida;C_6_entrada;1;0
CD_4_saida;C_6_entrada;2;5
CD_4_saida;C_6_entrada;3;0
CD_4_saida;C_6_entrada;4;0
CD_4_saida;C_6_entrada;5;0
CD_4_saida;C_6_entrada;6;0
CD_4_saida;C_6_entrada;7;0
CD_4_saida;C_6_entrada;8;0
CD_4_saida;C_6_entrada;9;5
CD_4_saida;C_7_entrada;0;0
CD_4_saida;C_7_entrada;1;0
CD_4_saida;C_7_entrada;2;0
CD_4_saida;C_7_entrada;3;0
CD_4_saida;C_7_entrada;4;5
CD_4_saida;C_7_entrada;5;0
CD_4_saida;C_7_entrada;6;0
CD_4_saida;C_7_entrada;7;0
CD_4_saida;C_7_entrada;8;0
CD_4_saida;C_7_entrada;9;0
CD_4_saida;C_8_entrada;0;0
CD_4_saida;C_8_entrada;1;5
CD_4_saida;C_8_entrada;2;0
CD_4_saida;C_8_entrada;3;0
CD_4_saida;C_8_entrada;4;0
CD_4_saida;C_8_entrada;5;0
CD_4_saida;C_8_entrada;6;0
CD_4_saida;C_8_entrada;7;0
CD_4_saida;C_8_entrada;8;1.88525
CD_4_saida;C_8_entrada;9;0
CD_4_saida;C_9_entrada;0;0
CD_4_saida;C_9_entrada;1;0
CD_4_saida;C_9_entrada;2;0
CD_4_saida;C_9_entrada;3;0
CD_4_saida;C_9_entrada;4;0
CD_4_saida;C_9_entrada;5;0
CD_4_saida;C_9_entrada;6;0
CD_4_saida;C_9_entrada;7;0
CD_4_saida;C_9_entrada;8;0
CD_4_saida;C_9_entrada;9;0
CD_4_saida;C_10_entrada;0;5
CD_4_saida;C_10_entrada;1;0
CD_4_saida;C_10_entrada;2;0
CD_4_saida;C_10_entrada;3;0
CD_4_saida;C_10_entrada;4;0
CD_4_saida;C_10_entrada;5;0
CD_4_saida;C_10_entrada;6;0
CD_4_saida;C_10_entrada;7;0
CD_4_saida;C_10_entrada;8;0
CD_4_saida;C_10_entrada;9;0
CD_4_saida;C_11_entrada;0;0
CD_4_saida;C_11_entrada;1;0
CD_4_saida;C_11_entrada;2;0
CD_4_saida;C_11_entrada;3;0
CD_4_saida;C_11_entrada;4;5
CD_4_saida;C_11_entrada;5;0
CD_4_saida;C_11_entrada;6;5
CD_4_saida;C_11_entrada;7;5
CD_4_saida;C_11_entrada;8;0
CD_4_saida;C_11_entrada;9;0
CD_4_saida;C_12_entrada;0;0
CD_4_saida;C_12_entrada;1;0
CD_4_saida;C_12_entrada;2;0
CD_4_saida;C_12_entrada;3;0
CD_4_saida;C_12_entrada;4;0
CD_4_saida;C_12_entrada;5;0
CD_4_saida;C_12_entrada;6;0
CD_4_saida;C_12_entrada;7;5
CD_4_saida;C_12_entrada;8;0
CD_4_saida;C_12_entrada;9;4.62211
CD_4_saida;C_13_entrada;0;0
CD_4_saida;C_13_entrada;1;0
CD_4_saida;C_13_entrada;2;0
CD_4_saida;C_13_entrada;3;0
CD_4_saida;C_13_entrada;4;0
CD_4_saida;C_13_entrada;5;5
CD_4_saida;C_13_entrada;6;0
CD_4_saida;C_13_entrada;7;0
CD_4_saida;C_13_entrada;8;0
CD_4_saida;C_13_entrada;9;0
CD_4_saida;C_14_entrada;0;0
CD_4_saida;C_14_entrada;1;0
CD_4_saida;C_14_entrada;2;0
CD_4_saida;C_14_entrada;3;0
CD_4_saida;C_14_entrada;4;0
CD_4_saida;C_14_entrada;5;0
CD_4_saida;C_14_entrada;6;0
CD_4_saida;C_14_entrada;7;0
CD_4_saida;C_14_entrada;8;0
CD_4_saida;C_14_entrada;9;0
CD_4_saida;C_15_entrada;0;0
CD_4_saida;C_15_entrada;1;5
CD_4_saida;C_15_entrada;2;0
CD_4_saida;C_15_entrada;3;0
CD_4_saida;C_15_entrada;4;0
CD_4_saida;C_15_entrada;5;0
CD_4_saida;C_15_entrada;6;0
CD_4_saida;C_15_entrada;7;5
CD_4_saida;C_15_entrada;8;0
CD_4_saida;C_15_entrada;9;0
CD_4_saida;C_16_entrada;0;0
CD_4_saida;C_16_entrada;1;0
CD_4_saida;C_16_entrada;2;0
CD_4_saida;C_16_entrada;3;1.44139
CD_4_saida;C_16_entrada;4;0
CD_4_saida;C_16_entrada;5;0
CD_4_saida;C_16_entrada;6;0
CD_4_saida;C_16_entrada;7;0
CD_4_saida;C_16_entrada;8;0
CD_4_saida;C_16_entrada;9;5
CD_4_saida;C_17_entrada;0;5
CD_4_saida;C_17_entrada;1;5
CD_4_saida;C_17_entrada;2;0
CD_4_saida;C_17_entrada;3;0
CD_4_saida;C_17_entrada;4;0
CD_4_saida;C_17_entrada;5;0
CD_4_saida;C_17_entrada;6;0
CD_4_saida;C_17_entrada;7;5
CD_4_saida;C_17_entrada;8;0
CD_4_saida;C_17_entrada;9;0
CD_4_saida;C_18_entrada;0;0
CD_4_saida;C_18_entrada;1;0
CD_4_saida;C_18_entrada;2;0
CD_4_saida;C_18_entrada;3;0
CD_4_saida;C_18_entrada;4;0
CD_4_saida;C_18_entrada;5;0
CD_4_saida;C_18_entrada;6;0
CD_4_saida;C_18_entrada;7;5
CD_4_saida;C_18_entrada;8;0
CD_4_saida;C_18_entrada;9;0
CD_4_saida;C_19_entrada;0;0
CD_4_saida;C_19_entrada;1;0
CD_4_saida;C_19_entrada;2;0
CD_4_saida;C_19_entrada;3;2.75375
CD_4_saida;C_19_entrada;4;0
CD_4_saida;C_19_entrada;5;0
CD_4_saida;C_19_entrada;6;0
CD_4_saida;C_19_entrada;7;0
CD_4_saida;C_19_entrada;8;0
CD_4_saida;C_19_entrada;9;0
